,,,,Rk,Player,Nation,Position,Squad,Age,Year of birth,Matches Played,Starts,Minutes,90s Played,Goals,Assists,Goals + Assists,Non-Penalty Goals,Penalty Kicks Made,Penalty Kicks Attempted,Yellow Cards,Red Cards,Goals/90,Assists/90,Goals + Assists/90,Non-Penalty Goals/90,Non-Penalty Goals + Assists/90,Matches
1,Ali Aarabi,,FW,Foolad,28,1996,24,18,"1,512",16.8,4,7,11,4,0,0,2,0,0.24,0.42,0.65,0.24,0.65,Matches
2,Amir Reza Mahmood Abadi,,FW,Chadormalu SC,29,1995,25,19,"1,711",19.0,2,3,5,1,1,1,1,0,0.11,0.16,0.26,0.05,0.21,Matches
3,Hossein Abarghouei,irIRN,MF,Kheybar,28,1996,27,26,"2,287",25.4,0,0,0,0,0,0,7,1,0.00,0.00,0.00,0.00,0.00,Matches
4,Aram Abbasi,irIRN,DF,Esteghlal Khuz,30,1994,30,30,"2,699",30.0,1,1,2,1,0,0,2,1,0.03,0.03,0.07,0.03,0.07,Matches
5,Mohammad Abbasi,,MF,Kheybar,23,2000,11,8,643,7.1,0,0,0,0,0,0,1,0,0.00,0.00,0.00,0.00,0.00,Matches
6,Mohammad Abbasi,,MF,Foolad,23,2000,9,5,406,4.5,0,1,1,0,0,0,1,0,0.00,0.22,0.22,0.00,0.22,Matches
7,Mohammadreza Abbasi,irIRN,MF,Nassaji,28,1996,13,12,952,10.6,0,0,0,0,0,0,0,0,0.00,0.00,0.00,0.00,0.00,Matches
8,Mohammad Abbaszadeh,irIRN,FW,Nassaji,34,1990,3,0,33,0.4,1,0,1,1,0,0,0,0,2.73,0.00,2.73,2.73,2.73,Matches
9,Mohammad Abbaszadeh,irIRN,FW,Zob Ahan,34,1990,2,1,53,0.6,0,0,0,0,0,0,0,0,0.00,0.00,0.00,0.00,0.00,Matches
10,Mehdi Abdi,,MF,Kheybar,35,1989,5,2,198,2.2,0,0,0,0,0,0,0,0,0.00,0.00,0.00,0.00,0.00,Matches
11,Mehdi Abdighara,,FW,Malavan,25,1998,10,3,313,3.5,2,0,2,2,0,0,1,1,0.58,0.00,0.58,0.58,0.58,Matches
12,Mehdi Abdighara,,FW,Tractor Sazi,25,1998,2,0,32,0.4,0,0,0,0,0,0,0,0,0.00,0.00,0.00,0.00,0.00,Matches
13,Moamel Abdulridha,iqIRQ,MF,Esteghlal Khuz,24,2000,11,5,457,5.1,0,1,1,0,0,0,0,0,0.00,0.20,0.20,0.00,0.20,Matches
14,Mohammad Abshak,irIRN,MF,Esteghlal Khuz,37,1987,22,12,"1,034",11.5,0,0,0,0,0,0,4,2,0.00,0.00,0.00,0.00,0.00,Matches
15,Amirreza Afsardeh,,DF,Malavan,,,18,9,973,10.8,1,0,1,1,0,0,3,1,0.09,0.00,0.09,0.09,0.09,Matches
16,Maysam Aghaei,irIRN,MF,Aluminium Arak,34,1990,1,0,13,0.1,0,0,0,0,0,0,0,0,0.00,0.00,0.00,0.00,0.00,Matches
17,Saeid Aghaei,irIRN,DF,Nassaji,29,1995,7,6,438,4.9,0,0,0,0,0,0,2,0,0.00,0.00,0.00,0.00,0.00,Matches
18,Javad Aghaeipour,irIRN,FW,Sepahan,24,1999,21,9,969,10.8,3,0,3,3,0,0,2,0,0.28,0.00,0.28,0.28,0.28,Matches
19,Mohammad Aghajanpour,irIRN,MF,Kheybar,27,1997,11,10,909,10.1,0,0,0,0,0,0,3,0,0.00,0.00,0.00,0.00,0.00,Matches
20,Aref Aghasi,irIRN,DF,Tractor Sazi,27,1997,30,30,"2,700",30.0,1,0,1,1,0,0,3,0,0.03,0.00,0.03,0.03,0.03,Matches
21,Mehran Ahmadi,,MF,Kheybar,26,1997,14,10,957,10.6,0,2,2,0,0,0,0,0,0.00,0.19,0.19,0.00,0.19,Matches
22,Mehran Ahmadi,,MF,Esteghlal,26,1997,10,5,523,5.8,0,1,1,0,0,0,0,0,0.00,0.17,0.17,0.00,0.17,Matches
23,Mohammadmahdi Ahmadi,irIRN,DF,Chadormalu SC,23,2001,19,14,"1,249",13.9,0,0,0,0,0,0,0,0,0.00,0.00,0.00,0.00,0.00,Matches
24,Mostafa Ahmadi,irIRN,MF,SorkhPooshan FC,36,1988,20,18,"1,394",15.5,0,0,0,0,0,0,4,0,0.00,0.00,0.00,0.00,0.00,Matches
25,Farshad Ahmadzadeh,irIRN,MF,Persepolis,31,1992,27,17,"1,693",18.8,1,2,3,1,0,0,5,0,0.05,0.11,0.16,0.05,0.16,Matches
Rk,Player,Nation,Pos,Squad,Age,Born,MP,Starts,Min,90s,Gls,Ast,G+A,G-PK,PK,PKatt,CrdY,CrdR,Gls,Ast,G+A,G-PK,G+A-PK,Matches
26,Mohammad Akbar Monadi,irIRN,GK,SorkhPooshan FC,28,1996,8,8,720,8.0,0,0,0,0,0,0,1,0,0.00,0.00,0.00,0.00,0.00,Matches
27,Iman Akbari,,DF,Shams Azar,25,1999,15,10,"1,000",11.1,0,0,0,0,0,0,1,0,0.00,0.00,0.00,0.00,0.00,Matches
28,Mohammad Akbari,,FW,Mes Rafsanjan,,,14,3,515,5.7,1,0,1,1,0,0,1,0,0.17,0.00,0.17,0.17,0.17,Matches
29,Younes Akbarpour,irIRN,DF,Malavan,22,2002,8,6,539,6.0,0,1,1,0,0,0,0,0,0.00,0.17,0.17,0.00,0.17,Matches
30,Arash Akbarzadeh,,MF,Foolad,,,5,3,234,2.6,0,0,0,0,0,0,1,0,0.00,0.00,0.00,0.00,0.00,Matches
31,Teddy Akumu,keKEN,MF,Kheybar,31,1992,8,7,635,7.1,0,0,0,0,0,0,0,0,0.00,0.00,0.00,0.00,0.00,Matches
32,Arman Akvan,,DF,Gol Gohar,31,1993,14,9,742,8.2,2,1,3,2,0,0,1,0,0.24,0.12,0.36,0.24,0.36,Matches
33,Abolfazl Alaei,,MF,SorkhPooshan FC,29,1994,3,2,158,1.8,0,0,0,0,0,0,1,0,0.00,0.00,0.00,0.00,0.00,Matches
34,Mohsen Alafi,,FW,Malavan,,,2,1,81,0.9,0,0,0,0,0,0,0,0,0.00,0.00,0.00,0.00,0.00,Matches
35,Issa Alekasir,irIRN,FW,Persepolis,34,1990,24,11,942,10.5,3,1,4,3,0,0,2,0,0.29,0.10,0.38,0.29,0.38,Matches
36,Jalaledin Alimohammadi,irIRN,FW,Mes Rafsanjan,34,1990,25,24,"2,102",23.4,2,1,3,1,1,2,9,1,0.09,0.04,0.13,0.04,0.09,Matches
37,Mohammad Alinejad,,FW,Mes Rafsanjan,31,1993,27,24,"2,119",23.5,1,2,3,1,0,0,6,1,0.04,0.08,0.13,0.04,0.13,Matches
38,Ali Alipour,irIRN,FW,Persepolis,28,1995,30,25,"2,261",25.1,12,2,14,11,1,2,2,0,0.48,0.08,0.56,0.44,0.52,Matches
39,Mohammad Alipour,,FW,Chadormalu SC,22,2002,1,0,15,0.2,0,0,0,0,0,0,0,0,0.00,0.00,0.00,0.00,0.00,Matches
40,Omid Alipour,,FW,Shams Azar,23,2000,2,1,87,1.0,0,0,0,0,0,0,0,0,0.00,0.00,0.00,0.00,0.00,Matches
41,Omid Alishah,irIRN,MF,Persepolis,32,1992,11,8,735,8.2,0,3,3,0,0,0,0,0,0.00,0.37,0.37,0.00,0.37,Matches
42,Majid Aliyari,irIRN,FW,Zob Ahan,28,1996,27,25,"2,223",24.7,7,3,10,6,1,1,4,0,0.28,0.12,0.40,0.24,0.36,Matches
43,Alireza Alizadeh,irIRN,MF,Gol Gohar,31,1993,24,24,"2,026",22.5,1,0,1,1,0,0,8,0,0.04,0.00,0.04,0.04,0.04,Matches
44,Sadegh Alousabih,,MF,Shams Azar,28,1996,24,24,"1,959",21.8,0,2,2,0,0,0,6,0,0.00,0.09,0.09,0.00,0.09,Matches
45,Kainã Amarante,brBRA,FW,Esteghlal Khuz,27,1997,22,14,"1,283",14.3,2,3,5,2,0,0,4,0,0.14,0.21,0.35,0.14,0.35,Matches
46,Mohammad Amin Kazemian,,MF,Aluminium Arak,28,1996,28,27,"2,439",27.1,9,2,11,6,3,3,3,0,0.33,0.07,0.41,0.22,0.30,Matches
47,Mohammad Amin Rezaei,irIRN,GK,Shams Azar,27,1996,11,11,933,10.4,0,0,0,0,0,0,0,0,0.00,0.00,0.00,0.00,0.00,Matches
48,Farid Amiri,irIRN,FW,Kheybar,28,1995,19,12,"1,143",12.7,1,0,1,1,0,0,9,1,0.08,0.00,0.08,0.08,0.08,Matches
49,Omid Amiri,,GK,Shams Azar,,,10,6,655,7.3,0,0,0,0,0,0,1,0,0.00,0.00,0.00,0.00,0.00,Matches
50,Vahid Amiri,irIRN,"FW,MF",Persepolis,36,1988,18,18,"1,507",16.7,3,2,5,3,0,0,0,0,0.18,0.12,0.30,0.18,0.30,Matches
Rk,Player,Nation,Pos,Squad,Age,Born,MP,Starts,Min,90s,Gls,Ast,G+A,G-PK,PK,PKatt,CrdY,CrdR,Gls,Ast,G+A,G-PK,G+A-PK,Matches
51,Ayoub El Amloud,maMAR,DF,Persepolis,30,1994,18,11,"1,091",12.1,1,1,2,1,0,0,3,1,0.08,0.08,0.16,0.08,0.16,Matches
52,Sasan Ansari,irIRN,FW,Foolad,33,1991,28,23,"1,962",21.8,4,1,5,3,1,1,6,0,0.18,0.05,0.23,0.14,0.18,Matches
53,Adel Arghand,,FW,Esteghlal Khuz,23,2001,8,5,381,4.2,0,0,0,0,0,0,0,0,0.00,0.00,0.00,0.00,0.00,Matches
54,Adnan As'adi,,MF,SorkhPooshan FC,21,2003,5,0,8,0.1,0,0,0,0,0,0,0,0,0.00,0.00,0.00,0.00,0.00,Matches
55,Sina Asad Beigi,irIRN,MF,Persepolis,27,1997,2,2,114,1.3,0,0,0,0,0,0,0,0,0.00,0.00,0.00,0.00,0.00,Matches
56,Sina Asad Beigi,irIRN,MF,Foolad,27,1997,26,25,"2,246",25.0,1,3,4,1,0,0,2,0,0.04,0.12,0.16,0.04,0.16,Matches
57,Reza Asadi,irIRN,MF,Sepahan,28,1996,22,9,876,9.7,3,2,5,2,1,1,2,0,0.31,0.21,0.51,0.21,0.41,Matches
58,Mohammadreza Asgari,irIRN,DF,Zob Ahan,22,2002,1,0,1,0.0,0,0,0,0,0,0,0,0,0.00,0.00,0.00,0.00,0.00,Matches
59,Ali Asghar Ashouri,irIRN,FW,Gol Gohar,35,1988,25,17,"1,423",15.8,0,4,4,0,0,0,3,0,0.00,0.25,0.25,0.00,0.25,Matches
60,Sajjad Ashouri,irIRN,FW,Tractor Sazi,32,1992,19,0,246,2.7,2,0,2,2,0,0,2,0,0.73,0.00,0.73,0.73,0.73,Matches
61,Mohammad Askari,irIRN,MF,Foolad,18,2006,23,4,607,6.7,1,0,1,1,0,0,2,1,0.15,0.00,0.15,0.15,0.15,Matches
62,Mohammad Azadeh,,MF,Shams Azar,24,1999,25,20,"1,721",19.1,1,0,1,1,0,0,7,0,0.05,0.00,0.05,0.05,0.05,Matches
63,Mohammad Azadeh,,MF,Zob Ahan,24,1999,1,0,20,0.2,0,0,0,0,0,0,0,0,0.00,0.00,0.00,0.00,0.00,Matches
64,Mohammadreza Azadi,irIRN,FW,Esteghlal,24,1999,11,9,722,8.0,1,0,1,1,0,0,1,0,0.12,0.00,0.12,0.12,0.12,Matches
65,Ali Azadmanesh,,DF,Shams Azar,29,1994,27,25,"2,156",24.0,3,2,5,0,3,3,4,0,0.13,0.08,0.21,0.00,0.08,Matches
66,Mohsen Azarbad,irIRN,MF,Zob Ahan,34,1989,30,27,"2,085",23.2,4,4,8,4,0,0,1,0,0.17,0.17,0.35,0.17,0.35,Matches
67,Abolfazl Babaei,,FW,Persepolis,20,2003,7,0,125,1.4,0,1,1,0,0,0,0,0,0.00,0.72,0.72,0.00,0.72,Matches
68,Esmaeil Babaei,irIRN,MF,Esteghlal Khuz,27,1997,28,27,"2,401",26.7,0,1,1,0,0,0,4,0,0.00,0.04,0.04,0.00,0.04,Matches
69,Peyman Babaei,irIRN,FW,Chadormalu SC,30,1994,10,8,575,6.4,0,0,0,0,0,0,1,0,0.00,0.00,0.00,0.00,0.00,Matches
70,Peyman Babaei,irIRN,FW,Gol Gohar,30,1994,12,6,570,6.3,1,0,1,1,0,0,2,0,0.16,0.00,0.16,0.16,0.16,Matches
71,Mohammad Badpa,,MF,Chadormalu SC,21,2003,3,3,181,2.0,0,0,0,0,0,0,0,0,0.00,0.00,0.00,0.00,0.00,Matches
72,Milad Badragheh,irIRN,MF,Aluminium Arak,27,1996,28,28,"2,452",27.2,1,0,1,1,0,0,2,0,0.04,0.00,0.04,0.04,0.04,Matches
73,Hadi Baghban,,MF,Zob Ahan,,,6,0,74,0.8,0,0,0,0,0,0,0,0,0.00,0.00,0.00,0.00,0.00,Matches
74,Farshid Bagheri,irIRN,MF,Mes Rafsanjan,32,1992,12,12,"1,079",12.0,2,1,3,1,1,1,4,0,0.17,0.08,0.25,0.08,0.17,Matches
75,Farshid Bagheri,irIRN,MF,Foolad,32,1992,9,3,349,3.9,0,0,0,0,0,0,2,0,0.00,0.00,0.00,0.00,0.00,Matches
Rk,Player,Nation,Pos,Squad,Age,Born,MP,Starts,Min,90s,Gls,Ast,G+A,G-PK,PK,PKatt,CrdY,CrdR,Gls,Ast,G+A,G-PK,G+A-PK,Matches
76,Mansour Bagheri,,MF,Nassaji,25,1998,30,28,"2,453",27.3,1,1,2,0,1,1,2,0,0.04,0.04,0.07,0.00,0.04,Matches
77,Milad Bagheri,,DF,Malavan,29,1994,18,14,"1,228",13.6,1,0,1,1,0,0,1,0,0.07,0.00,0.07,0.07,0.07,Matches
78,Saeid Bagherpasand,,FW,Gol Gohar,33,1991,4,2,185,2.1,0,0,0,0,0,0,0,0,0.00,0.00,0.00,0.00,0.00,Matches
79,Amir Bahador,,FW,SorkhPooshan FC,22,2001,1,1,51,0.6,0,0,0,0,0,0,0,0,0.00,0.00,0.00,0.00,0.00,Matches
80,Hamed Bahiraei,irIRN,MF,Esteghlal Khuz,29,1995,15,10,850,9.4,1,0,1,1,0,0,1,0,0.11,0.00,0.11,0.11,0.11,Matches
81,Mahdi Bahraminezhad,,MF,Esteghlal,18,2006,1,0,1,0.0,0,0,0,0,0,0,0,0,0.00,0.00,0.00,0.00,0.00,Matches
82,Mohammad Bakhtiari,,DF,Chadormalu SC,32,1992,6,4,395,4.4,0,0,0,0,0,0,0,0,0.00,0.00,0.00,0.00,0.00,Matches
83,Yaghoob Barajeh,irIRN,DF,Persepolis,18,2006,10,5,448,5.0,1,0,1,1,0,0,0,0,0.20,0.00,0.20,0.20,0.20,Matches
84,Behrouz Barani,,FW,Esteghlal Khuz,28,1995,26,22,"1,845",20.5,0,0,0,0,0,0,6,0,0.00,0.00,0.00,0.00,0.00,Matches
85,Behnam Barzay,irIRN,FW,Mes Rafsanjan,31,1993,10,9,729,8.1,1,1,2,1,0,0,2,0,0.12,0.12,0.25,0.12,0.25,Matches
86,Behnam Barzay,irIRN,FW,Malavan,31,1993,10,9,652,7.2,0,1,1,0,0,0,1,0,0.00,0.14,0.14,0.00,0.14,Matches
87,Aria Barzegar,irIRN,FW,Nassaji,21,2002,9,3,339,3.8,0,0,0,0,0,0,1,0,0.00,0.00,0.00,0.00,0.00,Matches
88,Tony Batista,brBRA,GK,Kheybar,31,1992,15,15,"1,350",15.0,0,0,0,0,0,0,2,0,0.00,0.00,0.00,0.00,0.00,Matches
89,Sajjad Bazgir,,FW,Mes Rafsanjan,30,1994,7,1,200,2.2,0,0,0,0,0,0,0,0,0.00,0.00,0.00,0.00,0.00,Matches
90,Sajjad Bazgir,,FW,Malavan,30,1994,14,8,664,7.4,0,1,1,0,0,1,1,0,0.00,0.14,0.14,0.00,0.14,Matches
91,Salar Behdari,,GK,Aluminium Arak,,,1,1,90,1.0,0,0,0,0,0,0,0,0,0.00,0.00,0.00,0.00,0.00,Matches
92,Mahan Beheshti,,FW,Malavan,,,1,1,53,0.6,0,0,0,0,0,0,0,0,0.00,0.00,0.00,0.00,0.00,Matches
93,Saeid Beigi,,DF,SorkhPooshan FC,30,1993,10,9,784,8.7,0,0,0,0,0,0,0,0,0.00,0.00,0.00,0.00,0.00,Matches
94,Alireza Beiranvand,irIRN,GK,Tractor Sazi,31,1992,29,29,"2,610",29.0,0,0,0,0,0,0,4,0,0.00,0.00,0.00,0.00,0.00,Matches
95,Wissam Ben Yedder,frFRA,"FW,MF",Sepahan,33,1990,5,3,265,2.9,1,0,1,1,0,0,0,0,0.34,0.00,0.34,0.34,0.34,Matches
96,Thievy Bifouma,cgCGO,"FW,MF",Esteghlal Khuz,32,1992,25,24,"2,109",23.4,5,5,10,5,0,0,9,0,0.21,0.21,0.43,0.21,0.43,Matches
97,Bonfils-Caleb Bimenyimana,biBDI,FW,Zob Ahan,26,1997,4,3,187,2.1,0,0,0,0,0,0,1,0,0.00,0.00,0.00,0.00,0.00,Matches
98,Gustavo Blanco Leschuk,arARG,FW,Foolad,32,1991,14,10,904,10.0,2,1,3,2,0,0,0,0,0.20,0.10,0.30,0.20,0.30,Matches
99,Gustavo Blanco Leschuk,arARG,FW,Esteghlal,32,1991,11,6,493,5.5,0,0,0,0,0,0,1,0,0.00,0.00,0.00,0.00,0.00,Matches
100,Eric Bocoum,gaGAB,MF,Gol Gohar,28,1996,22,9,"1,055",11.7,0,1,1,0,0,0,3,1,0.00,0.09,0.09,0.00,0.09,Matches
Rk,Player,Nation,Pos,Squad,Age,Born,MP,Starts,Min,90s,Gls,Ast,G+A,G-PK,PK,PKatt,CrdY,CrdR,Gls,Ast,G+A,G-PK,G+A-PK,Matches
101,Kévin Boli,frFRA,DF,Kheybar,33,1991,12,10,932,10.4,1,0,1,1,0,0,1,0,0.10,0.00,0.10,0.10,0.10,Matches
102,Mohammadreza Bordbar,irIRN,MF,Sepahan,20,2003,13,5,493,5.5,0,0,0,0,0,0,1,0,0.00,0.00,0.00,0.00,0.00,Matches
103,Hamid Bou Hamdan,irIRN,MF,Foolad,35,1989,8,0,40,0.4,0,0,0,0,0,0,0,0,0.00,0.00,0.00,0.00,0.00,Matches
104,Shervin Bozorg,,FW,Aluminium Arak,32,1992,19,0,192,2.1,3,0,3,3,0,0,1,0,1.41,0.00,1.41,1.41,1.41,Matches
105,Diego Carioca,brBRA,MF,Chadormalu SC,26,1998,6,2,238,2.6,0,0,0,0,0,0,2,0,0.00,0.00,0.00,0.00,0.00,Matches
106,Grigol Chabradze,geGEO,DF,Zob Ahan,28,1996,23,16,"1,348",15.0,0,1,1,0,0,0,6,0,0.00,0.07,0.07,0.00,0.07,Matches
107,Joe Champness,nzNZL,"FW,MF",SorkhPooshan FC,27,1997,10,9,594,6.6,0,1,1,0,0,0,2,0,0.00,0.15,0.15,0.00,0.15,Matches
108,Dimitris Chatziisaias,grGRE,DF,Esteghlal Khuz,31,1992,16,11,"1,013",11.3,1,0,1,1,0,0,1,0,0.09,0.00,0.09,0.09,0.09,Matches
109,Roozbeh Cheshmi,irIRN,"DF,MF",Esteghlal,31,1993,20,19,"1,683",18.7,0,1,1,0,0,0,3,1,0.00,0.05,0.05,0.00,0.05,Matches
110,Hesam Chobdari,,FW,Mes Rafsanjan,,,4,0,63,0.7,0,0,0,0,0,0,0,0,0.00,0.00,0.00,0.00,0.00,Matches
111,Sokol Cikalleshi,alALB,"FW,MF",Tractor Sazi,34,1990,6,0,116,1.3,0,0,0,0,0,0,0,0,0.00,0.00,0.00,0.00,0.00,Matches
112,Moussa Coulibaly,mlMLI,DF,Foolad,31,1993,26,25,"2,248",25.0,3,0,3,2,1,1,7,1,0.12,0.00,0.12,0.08,0.08,Matches
113,Bryan Dabo,bfBFA,MF,Sepahan,32,1992,20,14,"1,254",13.9,0,2,2,0,0,0,7,0,0.00,0.14,0.14,0.00,0.14,Matches
114,Alaa Al Dali,sySYR,FW,Chadormalu SC,27,1997,11,5,475,5.3,0,0,0,0,0,1,0,0,0.00,0.00,0.00,0.00,0.00,Matches
115,Sajjad Danaye Baghaki,,DF,Esteghlal Khuz,27,1996,13,3,340,3.8,0,0,0,0,0,0,0,0,0.00,0.00,0.00,0.00,0.00,Matches
116,Mohammad Daneshgar,irIRN,"DF,MF",Sepahan,30,1994,28,24,"2,168",24.1,1,2,3,1,0,0,3,0,0.04,0.08,0.12,0.04,0.12,Matches
117,Seyed Darvishi,,DF,Nassaji,,,1,0,45,0.5,0,0,0,0,0,0,0,0,0.00,0.00,0.00,0.00,0.00,Matches
118,Mahdi Daryabari,,FW,SorkhPooshan FC,,,8,2,229,2.5,0,0,0,0,0,0,0,0,0.00,0.00,0.00,0.00,0.00,Matches
119,Mobin Dehghan,irIRN,MF,Kheybar,18,2005,16,8,838,9.3,0,0,0,0,0,0,2,0,0.00,0.00,0.00,0.00,0.00,Matches
120,Reza Dehghan,irIRN,MF,Chadormalu SC,27,1997,25,20,"1,591",17.7,0,0,0,0,0,0,2,0,0.00,0.00,0.00,0.00,0.00,Matches
121,Mohammad Dindar,irIRN,MF,SorkhPooshan FC,19,2005,20,13,"1,070",11.9,0,2,2,0,0,0,3,0,0.00,0.17,0.17,0.00,0.17,Matches
122,Domagoj Drožđek,hrCRO,MF,Tractor Sazi,28,1996,14,9,859,9.5,8,1,9,8,0,0,0,0,0.84,0.10,0.94,0.84,0.94,Matches
123,Serdar Dursun,trTUR,FW,Persepolis,32,1991,12,11,937,10.4,5,0,5,5,0,0,0,0,0.48,0.00,0.48,0.48,0.48,Matches
124,Amir Ebrahimzadeh,irIRN,FW,Aluminium Arak,20,2004,3,0,8,0.1,0,0,0,0,0,0,0,0,0.00,0.00,0.00,0.00,0.00,Matches
125,Mohamed Eisa,sdSDN,FW,Nassaji,30,1994,10,4,373,4.1,0,0,0,0,0,1,0,0,0.00,0.00,0.00,0.00,0.00,Matches
Rk,Player,Nation,Pos,Squad,Age,Born,MP,Starts,Min,90s,Gls,Ast,G+A,G-PK,PK,PKatt,CrdY,CrdR,Gls,Ast,G+A,G-PK,G+A-PK,Matches
126,Faraz Emamali,irIRN,FW,Kheybar,29,1995,28,24,"2,030",22.6,4,2,6,4,0,0,5,0,0.18,0.09,0.27,0.18,0.27,Matches
127,Alireza Enayatzadeh,irIRN,MF,Persepolis,20,2004,7,3,225,2.5,1,0,1,1,0,0,1,0,0.40,0.00,0.40,0.40,0.40,Matches
128,Nima Entezari,irIRN,MF,Malavan,28,1996,27,26,"2,120",23.6,2,0,2,1,1,1,8,0,0.08,0.00,0.08,0.04,0.04,Matches
129,Hesam Eskandari,,FW,Esteghlal,20,2004,1,0,4,0.0,0,0,0,0,0,0,0,0,0.00,0.00,0.00,0.00,0.00,Matches
130,Ali Eslami,,FW,Zob Ahan,21,2002,4,0,65,0.7,0,0,0,0,0,0,0,0,0.00,0.00,0.00,0.00,0.00,Matches
131,Karim Eslami,irIRN,FW,SorkhPooshan FC,38,1986,13,9,890,9.9,2,0,2,2,0,0,4,0,0.20,0.00,0.20,0.20,0.20,Matches
132,Mohammadhossein Eslami,irIRN,FW,Esteghlal,23,2001,20,14,"1,323",14.7,3,1,4,3,0,0,2,0,0.20,0.07,0.27,0.20,0.27,Matches
133,Ghaem Eslamikhah,irIRN,MF,Malavan,29,1995,21,14,"1,295",14.4,4,1,5,1,3,3,6,1,0.28,0.07,0.35,0.07,0.14,Matches
134,Amirreza Eslamtalab,irIRN,MF,Gol Gohar,21,2003,1,0,8,0.1,0,0,0,0,0,0,0,0,0.00,0.00,0.00,0.00,0.00,Matches
135,Farshid Esmaeili,irIRN,MF,Mes Rafsanjan,30,1994,11,9,634,7.0,0,1,1,0,0,0,1,0,0.00,0.14,0.14,0.00,0.14,Matches
136,Danial Esmaeilifar,irIRN,MF,Tractor Sazi,31,1993,30,30,"2,595",28.8,3,4,7,3,0,0,5,0,0.10,0.14,0.24,0.10,0.24,Matches
137,Majid Eydi,,DF,Gol Gohar,27,1996,28,22,"1,940",21.6,0,1,1,0,0,0,5,0,0.00,0.05,0.05,0.00,0.05,Matches
138,Soheil Fadakar,,FW,Shams Azar,25,1998,6,3,248,2.8,0,0,0,0,0,0,2,0,0.00,0.00,0.00,0.00,0.00,Matches
139,Soheil Fadakar,,FW,Malavan,25,1998,10,0,261,2.9,0,0,0,0,0,0,0,0,0.00,0.00,0.00,0.00,0.00,Matches
140,Milad Fakhreddini,irIRN,"DF,MF",Shams Azar,34,1990,15,13,"1,055",11.7,1,0,1,1,0,0,2,0,0.09,0.00,0.09,0.09,0.09,Matches
141,Milad Fakhreddini,irIRN,"DF,MF",Gol Gohar,34,1990,14,8,796,8.8,0,1,1,0,0,0,2,0,0.00,0.11,0.11,0.00,0.11,Matches
142,Mojtaba Fakhrian,irIRN,MF,Shams Azar,21,2003,23,20,"1,609",17.9,4,0,4,4,0,0,4,0,0.22,0.00,0.22,0.22,0.22,Matches
143,Esmail Falamarzi,,DF,Sepahan,,,4,1,94,1.0,0,0,0,0,0,0,0,0,0.00,0.00,0.00,0.00,0.00,Matches
144,Saman Fallah,irIRN,MF,Malavan,23,2001,11,11,945,10.5,0,0,0,0,0,0,0,0,0.00,0.00,0.00,0.00,0.00,Matches
145,Saman Fallah,irIRN,MF,Esteghlal,23,2001,9,6,635,7.1,0,0,0,0,0,0,0,0,0.00,0.00,0.00,0.00,0.00,Matches
146,Habib Farabbasi,irIRN,GK,Malavan,26,1997,28,28,"2,520",28.0,0,0,0,0,0,0,1,0,0.00,0.00,0.00,0.00,0.00,Matches
147,Taha Farahani,,MF,Chadormalu SC,,,5,3,287,3.2,0,0,0,0,0,0,1,0,0.00,0.00,0.00,0.00,0.00,Matches
148,Farshad Faraji,irIRN,MF,Persepolis,30,1994,22,17,"1,511",16.8,1,1,2,1,0,0,4,0,0.06,0.06,0.12,0.06,0.12,Matches
149,Ali Fathi,,MF,SorkhPooshan FC,24,2000,12,7,642,7.1,1,0,1,1,0,0,0,0,0.14,0.00,0.14,0.14,0.14,Matches
150,Mohsen Forouzan,irIRN,GK,Shams Azar,36,1988,13,13,"1,169",13.0,0,0,0,0,0,0,3,1,0.00,0.00,0.00,0.00,0.00,Matches
Rk,Player,Nation,Pos,Squad,Age,Born,MP,Starts,Min,90s,Gls,Ast,G+A,G-PK,PK,PKatt,CrdY,CrdR,Gls,Ast,G+A,G-PK,G+A-PK,Matches
151,Farzin Garousian,irIRN,GK,Gol Gohar,32,1992,3,3,270,3.0,0,0,0,0,0,0,0,0,0.00,0.00,0.00,0.00,0.00,Matches
152,Fariborz Gerami,irIRN,MF,Zob Ahan,31,1993,19,19,"1,589",17.7,1,0,1,1,0,0,4,0,0.06,0.00,0.06,0.06,0.06,Matches
153,Mahmoud Ghaed Rahmati,irIRN,MF,Nassaji,32,1991,6,2,237,2.6,0,0,0,0,0,0,0,0,0.00,0.00,0.00,0.00,0.00,Matches
154,Mahmoud Ghaed Rahmati,irIRN,MF,Zob Ahan,32,1991,14,12,924,10.3,3,1,4,3,0,0,2,0,0.29,0.10,0.39,0.29,0.39,Matches
155,Ehsan Ghahari,irIRN,DF,Aluminium Arak,26,1998,20,20,"1,672",18.6,0,0,0,0,0,0,3,1,0.00,0.00,0.00,0.00,0.00,Matches
156,Erfan Ghahremani,,DF,Shams Azar,26,1998,1,0,17,0.2,0,0,0,0,0,0,0,0,0.00,0.00,0.00,0.00,0.00,Matches
157,Abolfazl Ghanbari,,MF,Aluminium Arak,20,2004,18,2,280,3.1,0,0,0,0,0,0,2,0,0.00,0.00,0.00,0.00,0.00,Matches
158,Mahdi Ghanbari,,FW,Tractor Sazi,26,1998,4,0,10,0.1,0,0,0,0,0,0,0,0,0.00,0.00,0.00,0.00,0.00,Matches
159,Mehrdad Ghanbari,irIRN,DF,Kheybar,34,1989,21,20,"1,609",17.9,5,0,5,3,2,2,5,0,0.28,0.00,0.28,0.17,0.17,Matches
160,Reza Ghandipour,irIRN,FW,Malavan,18,2006,22,20,"1,481",16.5,8,3,11,8,0,0,2,1,0.49,0.18,0.67,0.49,0.67,Matches
161,Amin Ghaseminejad,irIRN,FW,Shams Azar,37,1986,10,2,307,3.4,0,2,2,0,0,0,1,0,0.00,0.59,0.59,0.00,0.59,Matches
162,Amin Ghaseminejad,irIRN,FW,Foolad,37,1986,9,0,115,1.3,0,0,0,0,0,0,0,0,0.00,0.00,0.00,0.00,0.00,Matches
163,Pedram Ghazipour,,DF,Zob Ahan,27,1997,24,17,"1,572",17.5,2,1,3,2,0,0,2,0,0.11,0.06,0.17,0.11,0.17,Matches
164,Aref Gholami,irIRN,DF,Tractor Sazi,27,1997,2,2,107,1.2,0,0,0,0,0,0,0,0,0.00,0.00,0.00,0.00,0.00,Matches
165,Esmaeil Gholizadeh,irIRN,FW,Shams Azar,18,2006,6,2,215,2.4,0,0,0,0,0,0,1,0,0.00,0.00,0.00,0.00,0.00,Matches
166,Ali Ghorbani,azAZE,FW,Gol Gohar,33,1990,10,7,545,6.1,1,0,1,1,0,0,2,0,0.17,0.00,0.17,0.17,0.17,Matches
167,Mohammad Ghoreishi,irIRN,DF,Zob Ahan,29,1995,25,23,"1,940",21.6,0,2,2,0,0,0,4,1,0.00,0.09,0.09,0.00,0.09,Matches
168,Ahmad Gohari,irIRN,GK,Esteghlal Khuz,28,1996,27,27,"2,430",27.0,0,0,0,0,0,0,3,0,0.00,0.00,0.00,0.00,0.00,Matches
169,Mehran Golzari,irIRN,DF,Gol Gohar,31,1993,3,2,189,2.1,0,0,0,0,0,0,0,0,0.00,0.00,0.00,0.00,0.00,Matches
170,Mehdi Goodarzi,,MF,Kheybar,,,13,13,"1,166",13.0,0,1,1,0,0,0,1,0,0.00,0.08,0.08,0.00,0.08,Matches
171,Mehdi Goodarzi,,MF,SorkhPooshan FC,,,17,17,"1,448",16.1,1,1,2,0,1,1,1,0,0.06,0.06,0.12,0.00,0.06,Matches
172,Bahram Goudarzi,,MF,Aluminium Arak,,,25,24,"2,162",24.0,1,3,4,1,0,0,2,0,0.04,0.12,0.17,0.04,0.17,Matches
173,Hossein Goudarzi,,DF,Sepahan,,,26,21,"1,842",20.5,0,0,0,0,0,0,1,0,0.00,0.00,0.00,0.00,0.00,Matches
174,Alexis Guendouz,dzALG,GK,Persepolis,28,1996,27,27,"2,385",26.5,0,0,0,0,0,0,7,0,0.00,0.00,0.00,0.00,0.00,Matches
175,Giorgi Gwelesiani,geGEO,DF,Persepolis,33,1991,27,23,"2,109",23.4,2,0,2,2,0,0,2,1,0.09,0.00,0.09,0.09,0.09,Matches
Rk,Player,Nation,Pos,Squad,Age,Born,MP,Starts,Min,90s,Gls,Ast,G+A,G-PK,PK,PKatt,CrdY,CrdR,Gls,Ast,G+A,G-PK,G+A-PK,Matches
176,Abbas Habibi,,FW,Shams Azar,18,2006,14,8,812,9.0,2,1,3,2,0,0,2,0,0.22,0.11,0.33,0.22,0.33,Matches
177,Hadi Habibinejad,irIRN,MF,Chadormalu SC,28,1995,29,26,"2,305",25.6,6,5,11,6,0,0,3,0,0.23,0.20,0.43,0.23,0.43,Matches
178,Siavash Hagh Nazari,irIRN,FW,Nassaji,28,1995,1,0,27,0.3,0,0,0,0,0,0,0,0,0.00,0.00,0.00,0.00,0.00,Matches
179,Mojtaba Haghdoust,irIRN,MF,SorkhPooshan FC,28,1996,15,14,"1,235",13.7,2,0,2,2,0,0,0,0,0.15,0.00,0.15,0.15,0.15,Matches
180,Alireza Haghighi,irIRN,GK,Kheybar,36,1988,2,2,180,2.0,0,0,0,0,0,0,0,0,0.00,0.00,0.00,0.00,0.00,Matches
181,Hamid Hajiaghaei,,FW,Kheybar,21,2003,7,0,133,1.5,0,1,1,0,0,0,0,0,0.00,0.68,0.68,0.00,0.68,Matches
182,Aref Hajieidi,,MF,Aluminium Arak,25,1999,28,28,"2,470",27.4,5,0,5,4,1,1,8,0,0.18,0.00,0.18,0.15,0.15,Matches
183,Omid Hamedifar,irIRN,MF,Gol Gohar,23,2000,12,9,733,8.1,1,0,1,1,0,0,1,0,0.12,0.00,0.12,0.12,0.12,Matches
184,Vahdat Hanonov,tjTJK,DF,Sepahan,24,2000,17,12,"1,129",12.5,0,0,0,0,0,0,5,0,0.00,0.00,0.00,0.00,0.00,Matches
185,Mohammad Harandi,,FW,Mes Rafsanjan,,,1,0,11,0.1,0,0,0,0,0,0,0,0,0.00,0.00,0.00,0.00,0.00,Matches
186,Saber Hardani,irIRN,MF,Nassaji,27,1996,12,9,656,7.3,0,0,0,0,0,0,1,0,0.00,0.00,0.00,0.00,0.00,Matches
187,Saleh Hardani,irIRN,DF,Sepahan,25,1998,12,7,626,7.0,0,0,0,0,0,0,3,0,0.00,0.00,0.00,0.00,0.00,Matches
188,Saleh Hardani,irIRN,DF,Esteghlal,25,1998,12,12,"1,037",11.5,0,1,1,0,0,0,4,0,0.00,0.09,0.09,0.00,0.09,Matches
189,Yasin Hashemi,,DF,SorkhPooshan FC,20,2004,1,0,2,0.0,0,0,0,0,0,0,0,0,0.00,0.00,0.00,0.00,0.00,Matches
190,Mojtaba Hasheminasab,,FW,Esteghlal,18,2005,1,0,33,0.4,0,0,0,0,0,0,0,0,0.00,0.00,0.00,0.00,0.00,Matches
191,Mahdi Hashemnezhad,irIRN,MF,Tractor Sazi,22,2001,29,27,"2,353",26.1,8,8,16,8,0,0,3,1,0.31,0.31,0.61,0.31,0.61,Matches
192,Abolfazl Hassani Saadi,,FW,Gol Gohar,20,2004,1,0,1,0.0,0,0,0,0,0,0,0,0,0.00,0.00,0.00,0.00,0.00,Matches
193,Hossein Hassantabar,,MF,Nassaji,,,1,0,4,0.0,0,0,0,0,0,0,0,0,0.00,0.00,0.00,0.00,0.00,Matches
194,Amin Hazbavi,irIRN,DF,Sepahan,21,2003,19,18,"1,594",17.7,3,0,3,3,0,0,2,1,0.17,0.00,0.17,0.17,0.17,Matches
195,Ali Helichi,irIRN,DF,Esteghlal Khuz,28,1995,29,27,"2,444",27.2,0,0,0,0,0,0,5,0,0.00,0.00,0.00,0.00,0.00,Matches
196,Vahid Heydarieh,irIRN,DF,Foolad,31,1993,3,3,270,3.0,0,0,0,0,0,0,0,0,0.00,0.00,0.00,0.00,0.00,Matches
197,Samir Hobobati,irIRN,MF,Persepolis,18,2006,2,0,2,0.0,0,0,0,0,0,0,0,0,0.00,0.00,0.00,0.00,0.00,Matches
198,Mohammad Hossein Fallah,,FW,Chadormalu SC,24,2000,12,4,430,4.8,1,0,1,1,0,0,1,0,0.21,0.00,0.21,0.21,0.21,Matches
199,Amir Hossein Jeddi,irIRN,DF,Kheybar,25,1998,15,15,"1,350",15.0,2,1,3,2,0,0,3,0,0.13,0.07,0.20,0.13,0.20,Matches
200,Amir Hossein Jeddi,irIRN,DF,Zob Ahan,25,1998,14,10,954,10.6,0,0,0,0,0,0,1,0,0.00,0.00,0.00,0.00,0.00,Matches
Rk,Player,Nation,Pos,Squad,Age,Born,MP,Starts,Min,90s,Gls,Ast,G+A,G-PK,PK,PKatt,CrdY,CrdR,Gls,Ast,G+A,G-PK,G+A-PK,Matches
201,Amir Hossein Jolani,,MF,Mes Rafsanjan,22,2002,22,13,"1,237",13.7,1,0,1,1,0,0,4,1,0.07,0.00,0.07,0.07,0.07,Matches
202,Mohammad Hossein Moradmand,irIRN,DF,Esteghlal,31,1993,17,14,"1,205",13.4,1,0,1,1,0,0,3,0,0.07,0.00,0.07,0.07,0.07,Matches
203,Amir Hossein Sedghi,irIRN,DF,Shams Azar,28,1996,10,10,708,7.9,0,0,0,0,0,0,2,1,0.00,0.00,0.00,0.00,0.00,Matches
204,Ehsan Hosseini,,FW,Nassaji,25,1998,2,1,90,1.0,0,0,0,0,0,0,0,0,0.00,0.00,0.00,0.00,0.00,Matches
205,Ehsan Hosseini,,FW,Kheybar,25,1998,21,21,"1,786",19.8,0,1,1,0,0,0,5,0,0.00,0.05,0.05,0.00,0.05,Matches
206,Hossein Hosseini,irIRN,GK,Esteghlal,32,1992,27,27,"2,430",27.0,0,1,1,0,0,0,2,0,0.00,0.04,0.04,0.00,0.04,Matches
207,Mehdi Hosseini,,MF,Tractor Sazi,30,1993,14,1,218,2.4,1,0,1,1,0,0,2,0,0.41,0.00,0.41,0.41,0.41,Matches
208,Sasan Hosseini,,FW,Aluminium Arak,,,2,0,2,0.0,0,0,0,0,0,0,0,0,0.00,0.00,0.00,0.00,0.00,Matches
209,Seyed Hosseini,,DF,Chadormalu SC,22,2002,17,9,880,9.8,0,0,0,0,0,0,1,0,0.00,0.00,0.00,0.00,0.00,Matches
210,Seyed Hosseini,irIRN,DF,Esteghlal Khuz,29,1995,23,22,"1,958",21.8,0,0,0,0,0,0,3,0,0.00,0.00,0.00,0.00,0.00,Matches
211,Abolfazl Hosseinifar,,DF,Zob Ahan,20,2003,6,0,107,1.2,0,0,0,0,0,0,3,0,0.00,0.00,0.00,0.00,0.00,Matches
212,Ali Hosseinzadeh,,MF,Gol Gohar,20,2003,1,0,23,0.3,0,0,0,0,0,0,0,0,0.00,0.00,0.00,0.00,0.00,Matches
213,Amirhossein Hosseinzadeh,irIRN,MF,Tractor Sazi,23,2000,28,28,"2,327",25.9,14,8,22,14,0,0,6,1,0.54,0.31,0.85,0.54,0.85,Matches
214,Amirmohammad Houshmand,irIRN,DF,Nassaji,24,2000,22,21,"1,730",19.2,1,1,2,1,0,0,8,0,0.05,0.05,0.10,0.05,0.10,Matches
215,Didier Ibrahim Ndong,gaGAB,"DF,MF",Esteghlal,30,1994,28,25,"2,276",25.3,0,0,0,0,0,0,6,0,0.00,0.00,0.00,0.00,0.00,Matches
216,Gholam Reza Sabet Imani,irIRN,MF,Malavan,24,2000,8,4,431,4.8,0,1,1,0,0,0,2,0,0.00,0.21,0.21,0.00,0.21,Matches
217,Danial Iri,irIRN,DF,Malavan,20,2003,14,14,"1,133",12.6,0,0,0,0,0,0,3,0,0.00,0.00,0.00,0.00,0.00,Matches
218,Danial Iri,irIRN,DF,Zob Ahan,20,2003,7,4,483,5.4,0,0,0,0,0,0,1,0,0.00,0.00,0.00,0.00,0.00,Matches
219,Reza Jabireh,irIRN,DF,Aluminium Arak,27,1997,13,4,492,5.5,0,1,1,0,0,0,0,0,0.00,0.18,0.18,0.00,0.18,Matches
220,Reza Jabireh,irIRN,DF,Mes Rafsanjan,27,1997,14,11,"1,001",11.1,5,1,6,5,0,0,1,0,0.45,0.09,0.54,0.45,0.54,Matches
221,Amir Jafari,irIRN,MF,Gol Gohar,22,2002,18,8,790,8.8,0,0,0,0,0,0,2,0,0.00,0.00,0.00,0.00,0.00,Matches
222,Farhan Jafari,,MF,Malavan,18,2005,14,9,700,7.8,0,2,2,0,0,0,1,0,0.00,0.26,0.26,0.00,0.26,Matches
223,Hassan Jafari,irIRN,DF,Mes Rafsanjan,34,1990,29,28,"2,406",26.7,0,0,0,0,0,0,4,0,0.00,0.00,0.00,0.00,0.00,Matches
224,Parsa Jafari,irIRN,GK,Zob Ahan,25,1999,26,25,"2,269",25.2,0,0,0,0,0,0,1,0,0.00,0.00,0.00,0.00,0.00,Matches
225,Rahman Jafari,irIRN,FW,Aluminium Arak,27,1997,26,25,"2,037",22.6,5,1,6,5,0,0,3,0,0.22,0.04,0.27,0.22,0.27,Matches
Rk,Player,Nation,Pos,Squad,Age,Born,MP,Starts,Min,90s,Gls,Ast,G+A,G-PK,PK,PKatt,CrdY,CrdR,Gls,Ast,G+A,G-PK,G+A-PK,Matches
226,Rahman Jafari,irIRN,FW,Tractor Sazi,27,1997,3,1,57,0.6,0,0,0,0,0,0,0,0,0.00,0.00,0.00,0.00,0.00,Matches
227,Reza Jafari,irIRN,FW,Malavan,27,1997,27,20,"1,819",20.2,5,0,5,5,0,0,2,0,0.25,0.00,0.25,0.25,0.25,Matches
228,Amin Jahan Kohan,irIRN,MF,Aluminium Arak,31,1993,26,25,"2,221",24.7,0,6,6,0,0,0,3,0,0.00,0.24,0.24,0.00,0.24,Matches
229,Jair,brBRA,MF,Mes Rafsanjan,29,1994,4,0,80,0.9,0,0,0,0,0,0,0,0,0.00,0.00,0.00,0.00,0.00,Matches
230,Abolfazl Jalali,irIRN,DF,Esteghlal,26,1998,23,19,"1,797",20.0,1,2,3,1,0,0,2,0,0.05,0.10,0.15,0.05,0.15,Matches
231,Ahad Jamshidi,,FW,Nassaji,21,2003,2,0,14,0.2,0,0,0,0,0,0,0,0,0.00,0.00,0.00,0.00,0.00,Matches
232,Amirmahdi Janmaleki,irIRN,DF,Nassaji,25,1999,9,6,548,6.1,0,0,0,0,0,0,2,0,0.00,0.00,0.00,0.00,0.00,Matches
233,Amirmahdi Janmaleki,irIRN,DF,Mes Rafsanjan,25,1999,5,3,181,2.0,0,0,0,0,0,0,3,1,0.00,0.00,0.00,0.00,0.00,Matches
234,Mohammad Javad Kia,,GK,SorkhPooshan FC,22,2001,10,10,900,10.0,0,0,0,0,0,0,1,0,0.00,0.00,0.00,0.00,0.00,Matches
235,Lucas João,aoANG,FW,Persepolis,30,1993,7,1,172,1.9,0,1,1,0,0,0,0,0,0.00,0.52,0.52,0.00,0.52,Matches
236,Abbas Kahrizi,,MF,Aluminium Arak,,,3,2,194,2.2,1,2,3,1,0,0,1,0,0.46,0.93,1.39,0.46,1.39,Matches
237,Mahan Kakolarimi,,DF,Mes Rafsanjan,20,2004,1,0,3,0.0,0,0,0,0,0,0,0,0,0.00,0.00,0.00,0.00,0.00,Matches
238,Gaël Kakuta,cdCOD,"FW,MF",Esteghlal,33,1991,13,9,699,7.8,0,1,1,0,0,0,1,0,0.00,0.13,0.13,0.00,0.13,Matches
239,Ayub Kalantari,irIRN,MF,Nassaji,33,1990,15,5,537,6.0,0,1,1,0,0,0,2,1,0.00,0.17,0.17,0.00,0.17,Matches
240,Amir Kalbasi,,DF,Shams Azar,,,9,6,558,6.2,0,2,2,0,0,0,0,0,0.00,0.32,0.32,0.00,0.32,Matches
241,Amir Kalivand,,MF,Shams Azar,19,2005,1,0,1,0.0,0,0,0,0,0,0,0,0,0.00,0.00,0.00,0.00,0.00,Matches
242,Seyedali Kamali,,FW,Chadormalu SC,19,2004,18,5,614,6.8,1,0,1,1,0,0,1,0,0.15,0.00,0.15,0.15,0.15,Matches
243,Sobhan Kamalvand,irIRN,MF,Aluminium Arak,20,2004,1,0,10,0.1,0,0,0,0,0,0,0,0,0.00,0.00,0.00,0.00,0.00,Matches
244,Aboubakar Kamara,mrMTN,FW,Sepahan,29,1995,15,7,683,7.6,1,2,3,1,0,0,2,0,0.13,0.26,0.40,0.13,0.40,Matches
245,Amadoni Kamolov,tjTJK,MF,Gol Gohar,21,2003,13,7,639,7.1,0,0,0,0,0,0,1,0,0.00,0.00,0.00,0.00,0.00,Matches
246,Kamal Kamyabinia,irIRN,MF,Zob Ahan,35,1989,9,6,406,4.5,1,0,1,1,0,0,5,0,0.22,0.00,0.22,0.22,0.22,Matches
247,Hossein Kanaanizadegan,irIRN,DF,Persepolis,30,1994,21,20,"1,652",18.4,3,1,4,0,3,3,3,0,0.16,0.05,0.22,0.00,0.05,Matches
248,Saeid Karimazar,irIRN,DF,Tractor Sazi,22,2002,5,1,83,0.9,0,0,0,0,0,0,0,0,0.00,0.00,0.00,0.00,0.00,Matches
249,Mohammad Karimi,irIRN,MF,Sepahan,28,1996,26,26,"2,299",25.5,5,6,11,2,3,3,9,1,0.20,0.23,0.43,0.08,0.31,Matches
250,Mohsen Karimi,irIRN,MF,Nassaji,29,1994,1,0,9,0.1,0,0,0,0,0,0,0,0,0.00,0.00,0.00,0.00,0.00,Matches
Rk,Player,Nation,Pos,Squad,Age,Born,MP,Starts,Min,90s,Gls,Ast,G+A,G-PK,PK,PKatt,CrdY,CrdR,Gls,Ast,G+A,G-PK,G+A-PK,Matches
251,Saeed Karimi,,DF,Malavan,27,1997,20,20,"1,689",18.8,1,0,1,1,0,0,6,0,0.05,0.00,0.05,0.05,0.05,Matches
252,Matin Karimzadeh,irIRN,MF,Nassaji,26,1998,1,0,21,0.2,0,0,0,0,0,0,0,0,0.00,0.00,0.00,0.00,0.00,Matches
253,Mohammad Karimzadeh,irIRN,FW,Mes Rafsanjan,28,1996,20,6,772,8.6,1,1,2,1,0,0,2,0,0.12,0.12,0.23,0.12,0.23,Matches
254,Masoud Kazemayni,,FW,Gol Gohar,26,1997,13,7,607,6.7,2,0,2,2,0,0,2,0,0.30,0.00,0.30,0.30,0.30,Matches
255,Mohammad Kazemi,,MF,Foolad,27,1997,16,7,732,8.1,1,0,1,1,0,0,2,1,0.12,0.00,0.12,0.12,0.12,Matches
256,Mohammad Keshavarzi,,MF,Foolad,21,2003,4,0,27,0.3,0,0,0,0,0,0,0,0,0.00,0.00,0.00,0.00,0.00,Matches
257,Sina Khadempour,irIRN,DF,Kheybar,27,1997,27,19,"1,706",19.0,0,0,0,0,0,0,7,0,0.00,0.00,0.00,0.00,0.00,Matches
258,Sobhan Khaghani,irIRN,MF,Zob Ahan,24,2000,15,6,583,6.5,1,2,3,1,0,0,2,0,0.15,0.31,0.46,0.15,0.46,Matches
259,Mohammadreza Khaledabadi,,GK,Esteghlal,23,2001,4,3,278,3.1,0,0,0,0,0,0,0,0,0.00,0.00,0.00,0.00,0.00,Matches
260,Mohammad Khalifeh,irIRN,GK,Aluminium Arak,19,2004,28,28,"2,520",28.0,0,0,0,0,0,0,2,0,0.00,0.00,0.00,0.00,0.00,Matches
261,Amir Khalilzadeh,,FW,Kheybar,,,5,0,16,0.2,0,0,0,0,0,0,0,0,0.00,0.00,0.00,0.00,0.00,Matches
262,Shoja' Khalilzadeh,irIRN,DF,Tractor Sazi,35,1989,28,28,"2,520",28.0,1,0,1,1,0,0,8,0,0.04,0.00,0.04,0.04,0.04,Matches
263,Mohammad Khodabandelou,irIRN,MF,Persepolis,24,1999,21,11,"1,119",12.4,1,2,3,1,0,0,4,2,0.08,0.16,0.24,0.08,0.24,Matches
264,Ali Khodadadi,irIRN,FW,Chadormalu SC,26,1998,27,20,"1,753",19.5,3,2,5,2,1,1,5,0,0.15,0.10,0.26,0.10,0.21,Matches
265,Alireza Khodadadi,,FW,Persepolis,21,2002,1,0,64,0.7,0,0,0,0,0,0,1,0,0.00,0.00,0.00,0.00,0.00,Matches
266,Milad Khodaei,irIRN,DF,SorkhPooshan FC,33,1990,24,23,"1,984",22.0,0,0,0,0,0,0,0,0,0.00,0.00,0.00,0.00,0.00,Matches
267,Mehdi Khoshbakht,,DF,Esteghlal Khuz,,,3,3,202,2.2,0,0,0,0,0,0,1,0,0.00,0.00,0.00,0.00,0.00,Matches
268,Mohammadhossein Khosravi,,DF,Chadormalu SC,,,6,4,262,2.9,0,0,0,0,0,0,2,0,0.00,0.00,0.00,0.00,0.00,Matches
269,Mohammadhossein Khosravi,,DF,Malavan,,,4,1,109,1.2,0,0,0,0,0,0,0,0,0.00,0.00,0.00,0.00,0.00,Matches
270,Joel Kojo,kgKGZ,FW,Esteghlal,25,1998,11,7,552,6.1,2,0,2,2,0,0,0,0,0.33,0.00,0.33,0.33,0.33,Matches
271,Navid Komar,,FW,Shams Azar,23,2001,24,20,"1,635",18.2,2,2,4,2,0,0,5,1,0.11,0.11,0.22,0.11,0.22,Matches
272,Abolfazl Koohi,,DF,Esteghlal Khuz,,,7,6,487,5.4,0,0,0,0,0,0,3,0,0.00,0.00,0.00,0.00,0.00,Matches
273,Milad Kor,irIRN,DF,Tractor Sazi,20,2003,1,1,90,1.0,0,0,0,0,0,0,0,0,0.00,0.00,0.00,0.00,0.00,Matches
274,Hamed Lak,irIRN,GK,Mes Rafsanjan,33,1990,28,28,"2,520",28.0,0,1,1,0,0,0,11,0,0.00,0.04,0.04,0.00,0.04,Matches
275,Mehdi Lamouchi,irIRN,MF,Sepahan,24,1999,19,18,"1,506",16.7,9,2,11,8,1,1,0,0,0.54,0.12,0.66,0.48,0.60,Matches
Rk,Player,Nation,Pos,Squad,Age,Born,MP,Starts,Min,90s,Gls,Ast,G+A,G-PK,PK,PKatt,CrdY,CrdR,Gls,Ast,G+A,G-PK,G+A-PK,Matches
276,Ali Latifi,,FW,Aluminium Arak,,,10,0,60,0.7,0,0,0,0,0,0,0,0,0.00,0.00,0.00,0.00,0.00,Matches
277,Omid Latifi,,FW,Zob Ahan,24,1999,28,25,"2,228",24.8,6,3,9,6,0,0,3,0,0.24,0.12,0.36,0.24,0.36,Matches
278,Pouria Latififar,,MF,Gol Gohar,20,2003,14,9,775,8.6,0,0,0,0,0,0,0,0,0.00,0.00,0.00,0.00,0.00,Matches
279,Mohammad Lotfi,,MF,Aluminium Arak,23,2000,29,29,"2,584",28.7,0,5,5,0,0,0,4,0,0.00,0.17,0.17,0.00,0.17,Matches
280,Jalal Maddahi,,FW,Malavan,22,2002,2,0,38,0.4,0,0,0,0,0,0,0,0,0.00,0.00,0.00,0.00,0.00,Matches
281,Mahdi Mahdavi,,DF,SorkhPooshan FC,18,2005,14,8,706,7.8,0,0,0,0,0,0,2,1,0.00,0.00,0.00,0.00,0.00,Matches
282,Danial Mahini,irIRN,DF,SorkhPooshan FC,30,1993,1,1,59,0.7,0,0,0,0,0,0,0,0,0.00,0.00,0.00,0.00,0.00,Matches
283,Ehsan Mahroughi,,FW,Shams Azar,25,1998,15,15,"1,306",14.5,3,1,4,3,0,0,2,0,0.21,0.07,0.28,0.21,0.28,Matches
284,Ali Malakoutikhah,,DF,Shams Azar,21,2003,4,0,78,0.9,0,0,0,0,0,0,0,0,0.00,0.00,0.00,0.00,0.00,Matches
285,Hamid Maleki,irIRN,DF,Kheybar,27,1996,6,0,87,1.0,0,0,0,0,0,0,0,0,0.00,0.00,0.00,0.00,0.00,Matches
286,Mehdi Mamizadeh,,FW,SorkhPooshan FC,24,2000,8,5,409,4.5,0,0,0,0,0,0,0,0,0.00,0.00,0.00,0.00,0.00,Matches
287,Mehdi Mamizadeh,,FW,Zob Ahan,24,2000,7,3,252,2.8,0,0,0,0,0,0,0,0,0.00,0.00,0.00,0.00,0.00,Matches
288,Mohammad Mansouri,,FW,Shams Azar,19,2004,6,1,117,1.3,0,0,0,0,0,0,1,0,0.00,0.00,0.00,0.00,0.00,Matches
289,Morteza Mansouri,irIRN,DF,SorkhPooshan FC,34,1990,17,15,"1,265",14.1,0,0,0,0,0,0,3,0,0.00,0.00,0.00,0.00,0.00,Matches
290,Edson Mardden,brBRA,GK,Chadormalu SC,32,1991,25,25,"2,250",25.0,0,0,0,0,0,0,7,0,0.00,0.00,0.00,0.00,0.00,Matches
291,Hadi Maroufi,,FW,Shams Azar,,,1,0,5,0.1,0,0,0,0,0,0,0,0,0.00,0.00,0.00,0.00,0.00,Matches
292,Reza Marzban,,FW,Aluminium Arak,,,18,1,164,1.8,1,1,2,1,0,0,1,0,0.55,0.55,1.10,0.55,1.10,Matches
293,Jaloliddin Masharipov,uzUZB,"FW,MF",Esteghlal,30,1993,24,20,"1,778",19.8,1,3,4,0,1,1,1,0,0.05,0.15,0.20,0.00,0.15,Matches
294,Mohammad Masoumi,irIRN,MF,SorkhPooshan FC,28,1996,30,30,"2,667",29.6,0,2,2,0,0,1,2,0,0.00,0.07,0.07,0.00,0.07,Matches
295,Juma Masud,keKEN,FW,Esteghlal,28,1996,11,6,491,5.5,2,0,2,2,0,0,0,0,0.37,0.00,0.37,0.37,0.37,Matches
296,Matheusinho,brBRA,FW,Chadormalu SC,26,1998,14,12,795,8.8,2,1,3,2,0,0,3,0,0.23,0.11,0.34,0.23,0.34,Matches
297,Mehdi Mehdipour,irIRN,MF,Nassaji,30,1994,13,7,684,7.6,0,0,0,0,0,0,0,0,0.00,0.00,0.00,0.00,0.00,Matches
298,Mohammadreza Mehdizadeh,,DF,Mes Rafsanjan,30,1994,22,18,"1,552",17.2,0,0,0,0,0,0,1,0,0.00,0.00,0.00,0.00,0.00,Matches
299,Hossein Mehraban,irIRN,FW,SorkhPooshan FC,28,1996,15,7,633,7.0,0,0,0,0,0,0,0,0,0.00,0.00,0.00,0.00,0.00,Matches
300,Saeid Mehri,irIRN,MF,Persepolis,26,1998,18,5,560,6.2,0,1,1,0,0,0,3,0,0.00,0.16,0.16,0.00,0.16,Matches
Rk,Player,Nation,Pos,Squad,Age,Born,MP,Starts,Min,90s,Gls,Ast,G+A,G-PK,PK,PKatt,CrdY,CrdR,Gls,Ast,G+A,G-PK,G+A-PK,Matches
301,Alexander Merkel,kzKAZ,MF,Nassaji,32,1992,18,16,"1,428",15.9,1,0,1,1,0,0,4,3,0.06,0.00,0.06,0.06,0.06,Matches
302,Matthew Millar,auAUS,"DF,MF",SorkhPooshan FC,27,1996,12,7,777,8.6,1,0,1,1,0,0,2,0,0.12,0.00,0.12,0.12,0.12,Matches
303,Fayyaz Mirdoraghi,,MF,Esteghlal Khuz,,,4,0,18,0.2,0,0,0,0,0,0,0,0,0.00,0.00,0.00,0.00,0.00,Matches
304,Reza Mirzaei,irIRN,FW,Malavan,28,1996,15,3,382,4.2,0,0,0,0,0,0,2,0,0.00,0.00,0.00,0.00,0.00,Matches
305,Nima Mirzazad,irIRN,GK,Sepahan,27,1997,4,4,360,4.0,0,0,0,0,0,0,1,0,0.00,0.00,0.00,0.00,0.00,Matches
306,Farzin Moamelehgari,,DF,Shams Azar,21,2003,11,8,741,8.2,0,0,0,0,0,0,1,0,0.00,0.00,0.00,0.00,0.00,Matches
307,Amir Mohammad Panahi,irIRN,MF,Shams Azar,28,1995,14,9,765,8.5,0,0,0,0,0,0,0,0,0.00,0.00,0.00,0.00,0.00,Matches
308,Saeid Mohammadfar,irIRN,DF,Chadormalu SC,29,1995,27,17,"1,659",18.4,0,2,2,0,0,0,3,0,0.00,0.11,0.11,0.00,0.11,Matches
309,Amir Mohammadi,,MF,Shams Azar,21,2003,3,0,67,0.7,0,0,0,0,0,0,0,0,0.00,0.00,0.00,0.00,0.00,Matches
310,Farshad Mohammadi,irIRN,FW,SorkhPooshan FC,29,1994,4,2,185,2.1,0,0,0,0,0,0,0,0,0.00,0.00,0.00,0.00,0.00,Matches
311,Hadi Mohammadi,irIRN,DF,Sepahan,33,1991,10,8,670,7.4,0,1,1,0,0,0,5,0,0.00,0.13,0.13,0.00,0.13,Matches
312,Mehdi Mohammadi,,DF,Shams Azar,32,1992,25,15,"1,481",16.5,1,0,1,1,0,0,6,0,0.06,0.00,0.06,0.06,0.06,Matches
313,Mehrdad Mohammadi,irIRN,"FW,MF",Esteghlal,30,1993,2,2,140,1.6,0,0,0,0,0,0,0,0,0.00,0.00,0.00,0.00,0.00,Matches
314,Milad Mohammadi,irIRN,"DF,MF",Persepolis,30,1993,26,25,"2,154",23.9,0,4,4,0,0,0,1,0,0.00,0.17,0.17,0.00,0.17,Matches
315,Mohammad Mohammadi,irIRN,FW,Kheybar,28,1996,13,13,"1,032",11.5,4,1,5,2,2,2,1,0,0.35,0.09,0.44,0.17,0.26,Matches
316,Mohammad Mohammadi,irIRN,FW,Foolad,28,1996,16,12,996,11.1,1,0,1,1,0,0,2,0,0.09,0.00,0.09,0.09,0.09,Matches
317,Nader Mohammadi,irIRN,DF,Gol Gohar,27,1997,5,2,175,1.9,0,0,0,0,0,0,0,0,0.00,0.00,0.00,0.00,0.00,Matches
318,Nader Mohammadi,irIRN,DF,Zob Ahan,27,1997,11,7,693,7.7,0,0,0,0,0,0,1,0,0.00,0.00,0.00,0.00,0.00,Matches
319,Hossein Mohammadian,,FW,Esteghlal Khuz,,,1,0,5,0.1,0,0,0,0,0,0,0,0,0.00,0.00,0.00,0.00,0.00,Matches
320,Vahid Mohammadzadeh,irIRN,DF,Nassaji,35,1989,23,17,"1,698",18.9,0,0,0,0,0,0,3,0,0.00,0.00,0.00,0.00,0.00,Matches
321,Muntadher Mohammed,iqIRQ,MF,Nassaji,23,2001,17,2,438,4.9,0,1,1,0,0,0,2,0,0.00,0.21,0.21,0.00,0.21,Matches
322,Masoud Mohebi,,DF,Kheybar,,,12,8,728,8.1,1,0,1,1,0,0,0,0,0.12,0.00,0.12,0.12,0.12,Matches
323,Mohammadmehdi Mohebi,irIRN,FW,Sepahan,24,2000,26,19,"1,843",20.5,7,8,15,7,0,0,4,1,0.34,0.39,0.73,0.34,0.73,Matches
324,Saeb Mohebi,irIRN,DF,SorkhPooshan FC,30,1993,27,26,"2,322",25.8,1,0,1,1,0,0,7,0,0.04,0.00,0.04,0.04,0.04,Matches
325,Taha Mohebipour,,DF,Aluminium Arak,20,2004,7,3,227,2.5,0,0,0,0,0,0,0,0,0.00,0.00,0.00,0.00,0.00,Matches
Rk,Player,Nation,Pos,Squad,Age,Born,MP,Starts,Min,90s,Gls,Ast,G+A,G-PK,PK,PKatt,CrdY,CrdR,Gls,Ast,G+A,G-PK,G+A-PK,Matches
326,Amirmohammad Mohkamkar,,MF,Esteghlal Khuz,22,2001,18,7,802,8.9,1,1,2,1,0,0,4,0,0.11,0.11,0.22,0.11,0.22,Matches
327,Pooya Mokhtari,,MF,Zob Ahan,23,2001,19,3,628,7.0,0,0,0,0,0,0,2,0,0.00,0.00,0.00,0.00,0.00,Matches
328,Amin Moradi,,MF,Foolad,,,1,0,1,0.0,0,0,0,0,0,0,0,0,0.00,0.00,0.00,0.00,0.00,Matches
329,Isa Moradi,,FW,Mes Rafsanjan,27,1997,19,11,922,10.2,3,0,3,3,0,0,1,0,0.29,0.00,0.29,0.29,0.29,Matches
330,Ehsan Moradian,irIRN,GK,Aluminium Arak,29,1994,1,1,90,1.0,0,0,0,0,0,0,0,0,0.00,0.00,0.00,0.00,0.00,Matches
331,Sina Moridi,irIRN,MF,Foolad,28,1996,24,13,"1,152",12.8,1,0,1,1,0,0,2,0,0.08,0.00,0.08,0.08,0.08,Matches
332,Shayan Mosleh,,DF,Zob Ahan,31,1993,24,20,"1,687",18.7,0,1,1,0,0,0,3,0,0.00,0.05,0.05,0.00,0.05,Matches
333,Mohammadreza Moslemi Javid,,MF,Chadormalu SC,24,2000,19,1,512,5.7,0,1,1,0,0,0,0,0,0.00,0.18,0.18,0.00,0.18,Matches
334,Mahmoud Motlaghzadeh,irIRN,MF,Esteghlal Khuz,30,1994,24,22,"2,005",22.3,2,0,2,2,0,1,8,0,0.09,0.00,0.09,0.09,0.09,Matches
335,Mehran Mousavi,irIRN,DF,Aluminium Arak,33,1991,25,24,"2,181",24.2,1,0,1,1,0,1,6,1,0.04,0.00,0.04,0.04,0.04,Matches
336,Parham Movaghari,,MF,Malavan,,,3,0,99,1.1,0,0,0,0,0,0,0,0,0.00,0.00,0.00,0.00,0.00,Matches
337,Mohammad Naderi,irIRN,DF,Tractor Sazi,27,1996,28,28,"2,490",27.7,1,3,4,1,0,0,5,0,0.04,0.11,0.14,0.04,0.14,Matches
338,Alireza Naghizadeh,irIRN,MF,Kheybar,31,1993,10,7,550,6.1,0,0,0,0,0,0,2,0,0.00,0.00,0.00,0.00,0.00,Matches
339,Mojtaba Najjarian,irIRN,MF,Foolad,26,1998,25,23,"1,887",21.0,0,3,3,0,0,0,3,0,0.00,0.14,0.14,0.00,0.14,Matches
340,Saman Nariman Jahan,irIRN,"FW,MF",Gol Gohar,33,1991,1,1,45,0.5,0,0,0,0,0,0,0,0,0.00,0.00,0.00,0.00,0.00,Matches
341,Ali Nasiri,,FW,Shams Azar,21,2002,13,9,644,7.2,0,1,1,0,0,0,0,0,0.00,0.14,0.14,0.00,0.14,Matches
342,Majid Nasiri,irIRN,DF,Mes Rafsanjan,24,2000,19,19,"1,542",17.1,0,0,0,0,0,0,3,0,0.00,0.00,0.00,0.00,0.00,Matches
343,Ousmane Ndong,snSEN,DF,Gol Gohar,24,1999,27,25,"2,260",25.1,1,0,1,1,0,0,3,0,0.04,0.00,0.04,0.04,0.04,Matches
344,Mohammad Nejad Mehdi,irIRN,DF,Mes Rafsanjan,31,1992,14,10,873,9.7,0,0,0,0,0,0,1,0,0.00,0.00,0.00,0.00,0.00,Matches
345,Ali Nemati,irIRN,DF,Foolad,28,1996,28,28,"2,519",28.0,2,0,2,2,0,0,8,1,0.07,0.00,0.07,0.07,0.07,Matches
346,Siamak Nemati,irIRN,MF,Nassaji,30,1994,26,23,"1,870",20.8,0,0,0,0,0,0,8,3,0.00,0.00,0.00,0.00,0.00,Matches
347,Amir Nesaei,,MF,Shams Azar,28,1995,9,9,758,8.4,1,0,1,0,1,2,2,1,0.12,0.00,0.12,0.00,0.00,Matches
348,Amir Neshatjou,,DF,Foolad,29,1995,9,5,529,5.9,0,0,0,0,0,0,0,0,0.00,0.00,0.00,0.00,0.00,Matches
349,Payam Niazmand,irIRN,GK,Sepahan,29,1995,26,26,"2,340",26.0,0,0,0,0,0,0,2,0,0.00,0.00,0.00,0.00,0.00,Matches
350,Zobeir Niknafs,irIRN,DF,Esteghlal,31,1993,18,10,829,9.2,0,0,0,0,0,0,2,0,0.00,0.00,0.00,0.00,0.00,Matches
Rk,Player,Nation,Pos,Squad,Age,Born,MP,Starts,Min,90s,Gls,Ast,G+A,G-PK,PK,PKatt,CrdY,CrdR,Gls,Ast,G+A,G-PK,G+A-PK,Matches
351,Hossein Nokhodkar,irIRN,FW,Kheybar,22,2002,2,0,13,0.1,0,0,0,0,0,0,0,0,0.00,0.00,0.00,0.00,0.00,Matches
352,Omid Noorafkan,irIRN,MF,Malavan,27,1997,30,27,"2,365",26.3,4,2,6,3,1,2,3,0,0.15,0.08,0.23,0.11,0.19,Matches
353,Behrooz Noroozifard,,DF,Aluminium Arak,30,1994,23,22,"1,890",21.0,1,0,1,1,0,0,0,0,0.05,0.00,0.05,0.05,0.05,Matches
354,Amir Nouri,irIRN,MF,Aluminium Arak,28,1996,24,18,"1,534",17.0,0,1,1,0,0,0,2,0,0.00,0.06,0.06,0.00,0.06,Matches
355,Davoud Noushi Soufiani,irIRN,GK,Zob Ahan,34,1990,5,5,431,4.8,0,0,0,0,0,0,1,0,0.00,0.00,0.00,0.00,0.00,Matches
356,Steven Nzonzi,frFRA,MF,Sepahan,35,1988,24,20,"1,839",20.4,1,1,2,1,0,0,3,1,0.05,0.05,0.10,0.05,0.10,Matches
357,Mohammad Omari,,MF,Malavan,24,2000,23,18,"1,748",19.4,2,2,4,2,0,0,4,0,0.10,0.10,0.21,0.10,0.21,Matches
358,Ehsan Pahlavan,irIRN,MF,Foolad,31,1993,25,20,"1,730",19.2,2,1,3,2,0,0,3,0,0.10,0.05,0.16,0.10,0.16,Matches
359,Hamed Pakdel,,FW,Nassaji,32,1991,28,22,"1,901",21.1,3,0,3,3,0,1,2,0,0.14,0.00,0.14,0.14,0.14,Matches
360,Mohammad Papi,irIRN,MF,Chadormalu SC,26,1998,23,18,"1,536",17.1,1,0,1,1,0,0,7,0,0.06,0.00,0.06,0.06,0.06,Matches
361,Payam Parsa,irIRN,GK,Mes Rafsanjan,22,2002,2,2,180,2.0,0,0,0,0,0,0,0,0,0.00,0.00,0.00,0.00,0.00,Matches
362,Sobhan Pasandideh,,DF,Esteghlal Khuz,24,1999,25,21,"1,911",21.2,0,0,0,0,0,0,6,0,0.00,0.00,0.00,0.00,0.00,Matches
363,Luciano Pereira Mendes,brBRA,FW,Foolad,40,1983,17,8,708,7.9,0,2,2,0,0,0,2,0,0.00,0.25,0.25,0.00,0.25,Matches
364,Guilherme Pira,brBRA,FW,Chadormalu SC,24,2000,8,0,144,1.6,1,0,1,1,0,0,0,0,0.62,0.00,0.62,0.62,0.62,Matches
365,Luan Polli,brBRA,GK,Nassaji,31,1993,28,28,"2,519",28.0,0,0,0,0,0,0,3,1,0.00,0.00,0.00,0.00,0.00,Matches
366,Hassan Poorhamidi,,GK,Esteghlal Khuz,26,1998,3,3,270,3.0,0,0,0,0,0,0,0,0,0.00,0.00,0.00,0.00,0.00,Matches
367,Segundo Portocarrero,ecECU,"DF,MF",Chadormalu SC,27,1996,12,11,948,10.5,0,0,0,0,0,0,1,0,0.00,0.00,0.00,0.00,0.00,Matches
368,Igor Postonjski,hrCRO,MF,Tractor Sazi,29,1995,27,27,"2,292",25.5,0,6,6,0,0,0,8,2,0.00,0.24,0.24,0.00,0.24,Matches
369,Pouria Pourali,,MF,Tractor Sazi,,,7,0,16,0.2,0,0,0,0,0,0,0,0,0.00,0.00,0.00,0.00,0.00,Matches
370,Morteza Pouraliganji,irIRN,"DF,MF",Persepolis,32,1992,22,15,"1,435",15.9,0,0,0,0,0,0,5,0,0.00,0.00,0.00,0.00,0.00,Matches
371,Ali Pouresmaeil,,MF,Shams Azar,21,2002,2,1,94,1.0,0,0,0,0,0,0,0,0,0.00,0.00,0.00,0.00,0.00,Matches
372,Hossein Pourhamidi,irIRN,GK,Tractor Sazi,26,1998,1,1,90,1.0,0,0,0,0,0,0,0,0,0.00,0.00,0.00,0.00,0.00,Matches
373,Houman Rabizadeh,irIRN,MF,Shams Azar,25,1999,27,26,"2,287",25.4,2,0,2,2,0,0,2,1,0.08,0.00,0.08,0.08,0.08,Matches
374,Mohammad Rafiei,,DF,Shams Azar,,,7,5,421,4.7,0,0,0,0,0,0,2,0,0.00,0.00,0.00,0.00,0.00,Matches
375,Soroush Rafiei,irIRN,MF,Persepolis,34,1990,27,25,"2,100",23.3,2,7,9,2,0,0,6,1,0.09,0.30,0.39,0.09,0.39,Matches
Rk,Player,Nation,Pos,Squad,Age,Born,MP,Starts,Min,90s,Gls,Ast,G+A,G-PK,PK,PKatt,CrdY,CrdR,Gls,Ast,G+A,G-PK,G+A-PK,Matches
376,Edris Rahmani,,MF,SorkhPooshan FC,21,2002,14,3,361,4.0,0,1,1,0,0,0,1,0,0.00,0.25,0.25,0.00,0.25,Matches
377,Mahan Rahmani,irIRN,"FW,MF",Aluminium Arak,28,1996,2,1,79,0.9,0,0,0,0,0,0,0,0,0.00,0.00,0.00,0.00,0.00,Matches
378,Kasra Rahmati,,DF,SorkhPooshan FC,20,2003,7,3,268,3.0,0,0,0,0,0,0,0,0,0.00,0.00,0.00,0.00,0.00,Matches
379,Davood Rajabi,irIRN,DF,Zob Ahan,27,1997,1,0,35,0.4,0,0,0,0,0,0,0,0,0.00,0.00,0.00,0.00,0.00,Matches
380,Ali Ramezani,,FW,Malavan,23,2001,12,5,481,5.3,0,2,2,0,0,0,0,0,0.00,0.37,0.37,0.00,0.37,Matches
381,Arman Ramezani,irIRN,FW,Zob Ahan,32,1992,10,2,339,3.8,0,0,0,0,0,0,0,0,0.00,0.00,0.00,0.00,0.00,Matches
382,Arman Ramezani,irIRN,FW,Esteghlal,32,1992,12,7,614,6.8,1,0,1,1,0,0,0,0,0.15,0.00,0.15,0.15,0.15,Matches
383,Peyman Ranjbari,irIRN,FW,SorkhPooshan FC,31,1992,15,10,932,10.4,1,0,1,1,0,0,1,0,0.10,0.00,0.10,0.10,0.10,Matches
384,Raphael,brBRA,DF,Esteghlal,32,1992,25,25,"2,156",24.0,2,0,2,2,0,0,4,0,0.08,0.00,0.08,0.08,0.08,Matches
385,Amirmohammad Razaghinia,irIRN,MF,Gol Gohar,18,2006,23,20,"1,695",18.8,2,0,2,2,0,0,0,0,0.11,0.00,0.11,0.11,0.11,Matches
386,Abolfazl Razzaghpour,irIRN,DF,Gol Gohar,26,1997,29,26,"2,371",26.3,0,5,5,0,0,0,3,0,0.00,0.19,0.19,0.00,0.19,Matches
387,Pouya Reshadi,,DF,Esteghlal Khuz,,,1,0,16,0.2,0,0,0,0,0,0,0,0,0.00,0.00,0.00,0.00,0.00,Matches
388,Taleb Reykani,irIRN,MF,Aluminium Arak,34,1990,10,0,69,0.8,1,0,1,1,0,0,0,0,1.30,0.00,1.30,1.30,1.30,Matches
389,Mohammad Reza Akhbari,irIRN,GK,Gol Gohar,31,1993,27,27,"2,429",27.0,0,0,0,0,0,0,2,1,0.00,0.00,0.00,0.00,0.00,Matches
390,Ali Reza Amirkhani,,DF,Kheybar,24,2000,1,1,25,0.3,0,0,0,0,0,0,0,0,0.00,0.00,0.00,0.00,0.00,Matches
391,Ali Reza Daghagheleh,irIRN,MF,Kheybar,27,1996,12,12,950,10.6,0,0,0,0,0,0,1,0,0.00,0.00,0.00,0.00,0.00,Matches
392,Mohammad Reza Dinarvand,,GK,Kheybar,,,7,7,630,7.0,0,0,0,0,0,0,1,0,0.00,0.00,0.00,0.00,0.00,Matches
393,Mohammad Reza Hosseini,irIRN,FW,Nassaji,34,1989,18,5,662,7.4,0,1,1,0,0,0,5,1,0.00,0.14,0.14,0.00,0.14,Matches
394,Ali Reza Jafarpour,,GK,Malavan,24,2000,1,1,90,1.0,0,0,0,0,0,0,0,0,0.00,0.00,0.00,0.00,0.00,Matches
395,Ali Reza Kazemi,,FW,Gol Gohar,25,1999,16,11,864,9.6,1,1,2,1,0,0,1,0,0.10,0.10,0.21,0.10,0.21,Matches
396,Mohammad Reza Khosravi,,DF,Malavan,,,1,0,2,0.0,0,0,0,0,0,0,0,0,0.00,0.00,0.00,0.00,0.00,Matches
397,Ali Reza Kooshki,irIRN,MF,Esteghlal,24,2000,23,8,949,10.5,2,1,3,2,0,0,2,0,0.19,0.09,0.28,0.19,0.28,Matches
398,Amir Reza Rafiei,,GK,Persepolis,22,2002,4,3,315,3.5,0,0,0,0,0,0,2,0,0.00,0.00,0.00,0.00,0.00,Matches
399,Mohammad Reza Soleimani,irIRN,"FW,MF",Foolad,28,1995,24,21,"1,689",18.8,7,0,7,7,0,0,3,0,0.37,0.00,0.37,0.37,0.37,Matches
400,Ahmad Reza Zendehrouh,irIRN,"DF,MF",Shams Azar,32,1992,13,9,945,10.5,0,1,1,0,0,0,1,0,0.00,0.10,0.10,0.00,0.10,Matches
Rk,Player,Nation,Pos,Squad,Age,Born,MP,Starts,Min,90s,Gls,Ast,G+A,G-PK,PK,PKatt,CrdY,CrdR,Gls,Ast,G+A,G-PK,G+A-PK,Matches
401,Ahmad Reza Zendehrouh,irIRN,"DF,MF",Gol Gohar,32,1992,9,6,531,5.9,0,0,0,0,0,1,0,0,0.00,0.00,0.00,0.00,0.00,Matches
402,Ali Rezaei,,DF,Aluminium Arak,,,7,3,277,3.1,0,0,0,0,0,0,1,0,0.00,0.00,0.00,0.00,0.00,Matches
403,Alireza Rezaei,irIRN,GK,Nassaji,24,1999,3,2,181,2.0,0,0,0,0,0,0,2,0,0.00,0.00,0.00,0.00,0.00,Matches
404,Kaveh Rezaei,irIRN,FW,Sepahan,32,1992,23,13,"1,185",13.2,5,1,6,4,1,2,2,0,0.38,0.08,0.46,0.30,0.38,Matches
405,Mehrdad Rezaei,,FW,Nassaji,33,1990,23,20,"1,672",18.6,1,1,2,1,0,0,2,1,0.05,0.05,0.11,0.05,0.11,Matches
406,Mohammad Rezaei,,DF,Malavan,23,2001,14,13,"1,063",11.8,2,0,2,2,0,0,1,1,0.17,0.00,0.17,0.17,0.17,Matches
407,Ramin Rezaeian,irIRN,DF,Esteghlal,34,1990,28,27,"2,371",26.3,10,3,13,3,7,7,3,0,0.38,0.11,0.49,0.11,0.23,Matches
408,Meysam Rezaeikia,,MF,Mes Rafsanjan,20,2003,3,0,29,0.3,0,0,0,0,0,0,0,0,0.00,0.00,0.00,0.00,0.00,Matches
409,Arash Rezavand,irIRN,MF,Esteghlal,30,1993,23,17,"1,555",17.3,0,1,1,0,0,0,2,0,0.00,0.06,0.06,0.00,0.06,Matches
410,Masoud Rigi,irIRN,MF,Persepolis,33,1991,16,12,"1,065",11.8,0,0,0,0,0,0,3,0,0.00,0.00,0.00,0.00,0.00,Matches
411,Aref Rostami,,FW,Nassaji,28,1996,12,10,869,9.7,0,2,2,0,0,0,2,0,0.00,0.21,0.21,0.00,0.21,Matches
412,Aref Rostami,,FW,Kheybar,28,1996,13,9,791,8.8,1,3,4,1,0,0,1,0,0.11,0.34,0.46,0.11,0.46,Matches
413,Sepehr Rouzitalab,,MF,Shams Azar,30,1993,5,3,243,2.7,0,0,0,0,0,0,0,0,0.00,0.00,0.00,0.00,0.00,Matches
414,Zargham Saadavi,irIRN,MF,Esteghlal,18,2006,1,1,90,1.0,0,0,0,0,0,0,0,0,0.00,0.00,0.00,0.00,0.00,Matches
415,Mohammad Saberipour,,FW,Kheybar,24,1999,12,9,770,8.6,0,1,1,0,0,0,2,0,0.00,0.12,0.12,0.00,0.12,Matches
416,Mohammad Sadegh Naderpour,,GK,Kheybar,35,1989,8,6,543,6.0,0,0,0,0,0,0,1,0,0.00,0.00,0.00,0.00,0.00,Matches
417,Afshin Sadeghi,,FW,SorkhPooshan FC,,,7,0,85,0.9,0,0,0,0,0,0,0,0,0.00,0.00,0.00,0.00,0.00,Matches
418,Amirali Sadeghi,irIRN,FW,Esteghlal,23,2001,10,2,319,3.5,1,0,1,1,0,0,0,0,0.28,0.00,0.28,0.28,0.28,Matches
419,Hossein Sadeghi,irIRN,FW,Malavan,33,1990,12,5,567,6.3,0,1,1,0,0,0,1,0,0.00,0.16,0.16,0.00,0.16,Matches
420,Mahan Sadeghi,irIRN,MF,Malavan,18,2006,4,3,206,2.3,0,0,0,0,0,0,0,0,0.00,0.00,0.00,0.00,0.00,Matches
421,Mohammadhossein Sadeghi,,FW,SorkhPooshan FC,20,2004,17,4,794,8.8,2,0,2,2,0,0,1,0,0.23,0.00,0.23,0.23,0.23,Matches
422,Saeid Sadeghi,irIRN,MF,Persepolis,30,1994,9,1,212,2.4,1,3,4,1,0,0,1,0,0.42,1.27,1.70,0.42,1.70,Matches
423,Sirous Sadeghian,,DF,Chadormalu SC,32,1992,28,28,"2,520",28.0,0,0,0,0,0,0,3,0,0.00,0.00,0.00,0.00,0.00,Matches
424,Amin Saedi,,DF,Foolad,,,2,1,66,0.7,0,0,0,0,0,0,1,0,0.00,0.00,0.00,0.00,0.00,Matches
425,Alireza Safari,irIRN,FW,Chadormalu SC,20,2003,6,2,141,1.6,0,1,1,0,0,0,0,0,0.00,0.64,0.64,0.00,0.64,Matches
Rk,Player,Nation,Pos,Squad,Age,Born,MP,Starts,Min,90s,Gls,Ast,G+A,G-PK,PK,PKatt,CrdY,CrdR,Gls,Ast,G+A,G-PK,G+A-PK,Matches
426,Abouzar Safarzadeh,irIRN,FW,Malavan,28,1995,23,18,"1,555",17.3,1,1,2,1,0,0,2,0,0.06,0.06,0.12,0.06,0.12,Matches
427,Soheil Sahraei,,MF,Persepolis,21,2003,4,4,323,3.6,0,1,1,0,0,0,1,0,0.00,0.28,0.28,0.00,0.28,Matches
428,Amir Salarnik,,FW,Chadormalu SC,,,1,0,6,0.1,0,0,0,0,0,0,0,0,0.00,0.00,0.00,0.00,0.00,Matches
429,Iman Salimi,irIRN,DF,Esteghlal,28,1996,6,5,380,4.2,0,0,0,0,0,0,1,0,0.00,0.00,0.00,0.00,0.00,Matches
430,Jafar Salmani,irIRN,MF,Malavan,27,1997,6,1,171,1.9,0,0,0,0,0,0,0,0,0.00,0.00,0.00,0.00,0.00,Matches
431,Yasin Salmani,irIRN,MF,Persepolis,22,2002,10,6,385,4.3,0,0,0,0,0,0,1,0,0.00,0.00,0.00,0.00,0.00,Matches
432,Bouly Sambou,snSEN,FW,Gol Gohar,25,1998,7,2,234,2.6,0,0,0,0,0,0,0,0,0.00,0.00,0.00,0.00,0.00,Matches
433,Amirhossein Samdaliri,,DF,Nassaji,21,2003,23,18,"1,646",18.3,1,0,1,1,0,0,4,0,0.05,0.00,0.05,0.05,0.05,Matches
434,Amir Sarabadani,,MF,Foolad,26,1997,29,29,"2,505",27.8,2,3,5,2,0,1,7,0,0.07,0.11,0.18,0.07,0.18,Matches
435,Milad Sarlak,irIRN,MF,Persepolis,29,1995,15,11,845,9.4,1,0,1,1,0,0,2,0,0.11,0.00,0.11,0.11,0.11,Matches
436,Arshia Sarshogh,irIRN,MF,Sepahan,21,2003,3,1,67,0.7,0,1,1,0,0,0,0,0,0.00,1.34,1.34,0.00,1.34,Matches
437,Arshia Sarshogh,irIRN,MF,Zob Ahan,21,2003,1,0,4,0.0,0,0,0,0,0,0,0,0,0.00,0.00,0.00,0.00,0.00,Matches
438,Mohammad Sattari,irIRN,"DF,MF",SorkhPooshan FC,30,1993,21,18,"1,669",18.5,0,1,1,0,0,0,3,0,0.00,0.05,0.05,0.00,0.05,Matches
439,Mahdi Savadkouhi,,FW,Esteghlal Khuz,,,1,0,16,0.2,0,0,0,0,0,0,0,0,0.00,0.00,0.00,0.00,0.00,Matches
440,Amir Savaed,,FW,Esteghlal Khuz,,,16,3,366,4.1,0,1,1,0,0,0,0,0,0.00,0.25,0.25,0.00,0.25,Matches
441,Savio,brBRA,MF,Esteghlal Khuz,28,1996,20,16,"1,337",14.9,1,0,1,1,0,0,1,0,0.07,0.00,0.07,0.07,0.07,Matches
442,Erfan Sazegari,,MF,Esteghlal Khuz,21,2003,1,0,26,0.3,0,0,0,0,0,0,0,0,0.00,0.00,0.00,0.00,0.00,Matches
443,Kofi Schulz,deGER,"DF,MF",Mes Rafsanjan,35,1989,27,24,"2,179",24.2,2,0,2,2,0,0,2,0,0.08,0.00,0.08,0.08,0.08,Matches
444,Afshar Sedaghat,,GK,Malavan,22,2001,1,1,90,1.0,0,0,0,0,0,0,0,0,0.00,0.00,0.00,0.00,0.00,Matches
445,Hojjat Sedghi,irIRN,GK,Chadormalu SC,31,1993,5,5,450,5.0,0,0,0,0,0,0,1,0,0.00,0.00,0.00,0.00,0.00,Matches
446,Mohsen Sefid Choghaei,,DF,Kheybar,,,23,9,803,8.9,2,0,2,2,0,0,2,1,0.22,0.00,0.22,0.22,0.22,Matches
447,Mersad Seifi,irIRN,DF,Nassaji,20,2003,22,16,"1,416",15.7,1,0,1,1,0,0,4,0,0.06,0.00,0.06,0.06,0.06,Matches
448,Amir Shabani,,DF,Shams Azar,26,1998,15,15,"1,288",14.3,1,0,1,1,0,0,2,1,0.07,0.00,0.07,0.07,0.07,Matches
449,Aria Shafiedoust,,FW,Sepahan,,,6,0,100,1.1,0,0,0,0,0,0,0,0,0.00,0.00,0.00,0.00,0.00,Matches
450,Hossein Shahabi,,FW,Shams Azar,24,2000,1,0,9,0.1,0,0,0,0,0,0,0,0,0.00,0.00,0.00,0.00,0.00,Matches
Rk,Player,Nation,Pos,Squad,Age,Born,MP,Starts,Min,90s,Gls,Ast,G+A,G-PK,PK,PKatt,CrdY,CrdR,Gls,Ast,G+A,G-PK,G+A-PK,Matches
451,Sajjad Shahbazzadeh,irIRN,FW,Esteghlal Khuz,34,1990,19,10,925,10.3,3,2,5,3,0,0,0,0,0.29,0.19,0.49,0.29,0.49,Matches
452,Pourya Shahrabadi,irIRN,FW,Gol Gohar,18,2006,9,2,273,3.0,0,0,0,0,0,0,3,0,0.00,0.00,0.00,0.00,0.00,Matches
453,Erfan Shahriari,irIRN,MF,Mes Rafsanjan,22,2002,10,2,242,2.7,0,0,0,0,0,0,1,0,0.00,0.00,0.00,0.00,0.00,Matches
454,Arsha Shakouri,irIRN,GK,SorkhPooshan FC,17,2006,12,12,"1,080",12.0,0,2,2,0,0,0,4,0,0.00,0.17,0.17,0.00,0.17,Matches
455,Ahmad Shariat,irIRN,FW,Zob Ahan,22,2002,8,0,74,0.8,0,0,0,0,0,0,1,0,0.00,0.00,0.00,0.00,0.00,Matches
456,Mehdi Sharifi,irIRN,FW,Mes Rafsanjan,31,1992,11,1,259,2.9,1,1,2,1,0,0,0,0,0.35,0.35,0.69,0.35,0.69,Matches
457,Amir Sheikhirad,,MF,Nassaji,,,3,0,55,0.6,0,0,0,0,0,0,0,0,0.00,0.00,0.00,0.00,0.00,Matches
458,Aliasghar Sheikholeslami,irIRN,MF,Gol Gohar,19,2005,6,0,47,0.5,0,1,1,0,0,0,0,0,0.00,1.91,1.91,0.00,1.91,Matches
459,Reza Shekari,irIRN,MF,Sepahan,26,1998,25,20,"1,478",16.4,5,1,6,5,0,0,3,0,0.30,0.06,0.37,0.30,0.37,Matches
460,Mostafa Sheykh,,MF,SorkhPooshan FC,22,2001,3,0,15,0.2,0,0,0,0,0,0,0,0,0.00,0.00,0.00,0.00,0.00,Matches
461,Mehdi Shiri,irIRN,MF,Tractor Sazi,33,1991,25,8,"1,064",11.8,1,1,2,1,0,0,4,0,0.08,0.08,0.17,0.08,0.17,Matches
462,Ali Shojaei,irIRN,FW,Mes Rafsanjan,27,1997,24,19,"1,626",18.1,2,3,5,1,1,1,0,0,0.11,0.17,0.28,0.06,0.22,Matches
463,Dariush Shojaeian,irIRN,MF,SorkhPooshan FC,32,1992,20,14,"1,048",11.6,4,0,4,3,1,2,3,0,0.34,0.00,0.34,0.26,0.26,Matches
464,Abolfazl Shorabadi,,MF,Mes Rafsanjan,,,6,1,132,1.5,0,0,0,0,0,0,2,0,0.00,0.00,0.00,0.00,0.00,Matches
465,Hassan Shoushtari,,MF,Zob Ahan,31,1993,25,18,"1,685",18.7,3,0,3,1,2,2,3,1,0.16,0.00,0.16,0.05,0.05,Matches
466,Ricardo Alves Coelho Silva,ptPOR,MF,Tractor Sazi,31,1993,28,28,"2,507",27.9,3,4,7,2,1,1,6,0,0.11,0.14,0.25,0.07,0.22,Matches
467,Armin Sohrabian,irIRN,DF,Nassaji,29,1995,8,7,592,6.6,0,1,1,0,0,0,4,1,0.00,0.15,0.15,0.00,0.15,Matches
468,Armin Sohrabian,irIRN,DF,Esteghlal,29,1995,11,11,986,11.0,0,0,0,0,0,0,1,0,0.00,0.00,0.00,0.00,0.00,Matches
469,Abolfazl Sokhtanlou,,DF,Aluminium Arak,,,7,2,202,2.2,0,0,0,0,0,0,0,0,0.00,0.00,0.00,0.00,0.00,Matches
470,Abolfazl Soleimani,,DF,Aluminium Arak,23,2001,2,1,50,0.6,0,0,0,0,0,0,1,0,0.00,0.00,0.00,0.00,0.00,Matches
471,Ramtin Soleimanzadeh,,DF,Zob Ahan,35,1988,29,26,"2,287",25.4,0,1,1,0,0,0,3,0,0.00,0.04,0.04,0.00,0.04,Matches
472,Reza Soltani,,DF,SorkhPooshan FC,24,2000,1,1,45,0.5,0,0,0,0,0,0,0,0,0.00,0.00,0.00,0.00,0.00,Matches
473,Milad Sourgi,,FW,Shams Azar,,,18,5,602,6.7,0,1,1,0,0,0,2,0,0.00,0.15,0.15,0.00,0.15,Matches
474,Sebastjan Spahiu,alALB,MF,Mes Rafsanjan,24,1999,18,12,"1,047",11.6,0,1,1,0,0,0,1,0,0.00,0.09,0.09,0.00,0.09,Matches
475,Tomislav Štrkalj,hrCRO,"DF,FW",Tractor Sazi,27,1996,29,22,"1,817",20.2,8,2,10,8,0,0,2,0,0.40,0.10,0.50,0.40,0.50,Matches
Rk,Player,Nation,Pos,Squad,Age,Born,MP,Starts,Min,90s,Gls,Ast,G+A,G-PK,PK,PKatt,CrdY,CrdR,Gls,Ast,G+A,G-PK,G+A-PK,Matches
476,Taha Tabatabaei,,FW,Kheybar,22,2002,22,4,635,7.1,2,0,2,2,0,0,3,0,0.28,0.00,0.28,0.28,0.28,Matches
477,Morteza Tabrizi,irIRN,MF,Zob Ahan,33,1991,17,8,709,7.9,3,1,4,3,0,0,0,0,0.38,0.13,0.51,0.38,0.51,Matches
478,Ali Taheran,irIRN,FW,Chadormalu SC,26,1997,26,24,"2,171",24.1,1,0,1,1,0,0,5,0,0.04,0.00,0.04,0.04,0.04,Matches
479,Hamidreza Taherkhani,irIRN,FW,Kheybar,25,1999,15,11,982,10.9,1,0,1,0,1,1,3,0,0.09,0.00,0.09,0.00,0.00,Matches
480,Hamidreza Taherkhani,irIRN,FW,Zob Ahan,25,1999,7,5,479,5.3,0,0,0,0,0,0,0,0,0.00,0.00,0.00,0.00,0.00,Matches
481,Mahdi Tahmasebi,,FW,SorkhPooshan FC,19,2004,6,0,35,0.4,0,0,0,0,0,0,0,0,0.00,0.00,0.00,0.00,0.00,Matches
482,Mohsen Tarhani,,DF,Kheybar,34,1990,7,7,595,6.6,0,0,0,0,0,0,1,0,0.00,0.00,0.00,0.00,0.00,Matches
483,Shahin Tavakoli,,MF,Foolad,30,1993,19,12,"1,103",12.3,0,0,0,0,0,0,1,0,0.00,0.00,0.00,0.00,0.00,Matches
484,Amir Teymouri,,FW,Kheybar,,,8,2,179,2.0,0,0,0,0,0,0,0,0,0.00,0.00,0.00,0.00,0.00,Matches
485,Meysam Teymouri,irIRN,DF,Mes Rafsanjan,32,1992,21,18,"1,670",18.6,1,0,1,1,0,0,7,0,0.05,0.00,0.05,0.05,0.05,Matches
486,Mehdi Tikdari,irIRN,FW,Gol Gohar,28,1996,25,25,"2,190",24.3,6,1,7,6,0,0,4,0,0.25,0.04,0.29,0.25,0.29,Matches
487,Meysam Tohidast,irIRN,MF,SorkhPooshan FC,31,1993,10,9,783,8.7,0,0,0,0,0,0,2,0,0.00,0.00,0.00,0.00,0.00,Matches
488,Mehdi Torabi,irIRN,MF,Tractor Sazi,29,1994,29,29,"2,332",25.9,3,9,12,3,0,0,4,1,0.12,0.35,0.46,0.12,0.46,Matches
489,Mohammadreza Torabi,irIRN,MF,Nassaji,20,2004,2,0,20,0.2,0,0,0,0,0,0,0,0,0.00,0.00,0.00,0.00,0.00,Matches
490,Mehdi Torkaman,,DF,SorkhPooshan FC,35,1989,5,0,125,1.4,0,1,1,0,0,0,0,0,0.00,0.72,0.72,0.00,0.72,Matches
491,Saman Touranian,irIRN,DF,Malavan,22,2001,24,17,"1,700",18.9,0,3,3,0,0,0,3,0,0.00,0.16,0.16,0.00,0.16,Matches
492,Oston Urunov,uzUZB,MF,Persepolis,23,2000,20,13,"1,090",12.1,4,1,5,4,0,0,2,0,0.33,0.08,0.41,0.33,0.41,Matches
493,Gustavo Vagenin,itITA,"FW,MF",Gol Gohar,32,1991,18,4,535,5.9,2,0,2,2,0,0,2,0,0.34,0.00,0.34,0.34,0.34,Matches
494,Saeed Vasei,irIRN,MF,Mes Rafsanjan,29,1994,18,17,"1,332",14.8,1,3,4,1,0,0,4,0,0.07,0.20,0.27,0.07,0.27,Matches
495,Ali Vatandoost,,MF,Aluminium Arak,22,2002,17,11,"1,011",11.2,0,0,0,0,0,0,1,0,0.00,0.00,0.00,0.00,0.00,Matches
496,Ali Vaziri Panah,,FW,Shams Azar,31,1993,13,3,402,4.5,1,0,1,1,0,0,2,0,0.22,0.00,0.22,0.22,0.22,Matches
497,Vitão,brBRA,DF,Chadormalu SC,23,2000,24,22,"1,952",21.7,1,0,1,1,0,0,4,0,0.05,0.00,0.05,0.05,0.05,Matches
498,Wallace,brBRA,MF,Chadormalu SC,23,2001,8,4,261,2.9,0,0,0,0,0,0,1,0,0.00,0.00,0.00,0.00,0.00,Matches
499,Rooney Wankewai,cmCMR,FW,Mes Rafsanjan,27,1996,10,5,398,4.4,0,0,0,0,0,0,0,0,0.00,0.00,0.00,0.00,0.00,Matches
500,Seyedali Yahyazadeh,,FW,Chadormalu SC,34,1990,27,15,"1,394",15.5,3,1,4,3,0,0,3,0,0.19,0.06,0.26,0.19,0.26,Matches
Rk,Player,Nation,Pos,Squad,Age,Born,MP,Starts,Min,90s,Gls,Ast,G+A,G-PK,PK,PKatt,CrdY,CrdR,Gls,Ast,G+A,G-PK,G+A-PK,Matches
501,Arthur Yamga,frFRA,FW,Nassaji,27,1996,22,16,"1,463",16.3,5,1,6,4,1,3,1,0,0.31,0.06,0.37,0.25,0.31,Matches
502,Jasur Yaxshiboyev,uzUZB,FW,Nassaji,27,1997,3,3,178,2.0,0,0,0,0,0,0,0,0,0.00,0.00,0.00,0.00,0.00,Matches
503,Siavash Yazdani,irIRN,DF,Sepahan,32,1992,9,7,589,6.5,0,0,0,0,0,0,4,0,0.00,0.00,0.00,0.00,0.00,Matches
504,Arya Yousefi,irIRN,FW,Sepahan,22,2002,28,27,"2,375",26.4,1,4,5,1,0,0,4,1,0.04,0.15,0.19,0.04,0.19,Matches
505,Fardin Yousefi,,MF,Zob Ahan,23,2000,20,14,"1,221",13.6,0,3,3,0,0,0,1,0,0.00,0.22,0.22,0.00,0.22,Matches
506,Utkir Yusupov,uzUZB,GK,Foolad,33,1991,29,29,"2,610",29.0,0,0,0,0,0,0,4,0,0.00,0.00,0.00,0.00,0.00,Matches
507,Abolfazl Zadehattar,,FW,Foolad,,,18,2,421,4.7,3,1,4,3,0,1,3,1,0.64,0.21,0.86,0.64,0.86,Matches
508,Masih Zahedi,irIRN,DF,Gol Gohar,31,1993,10,7,702,7.8,0,0,0,0,0,0,3,0,0.00,0.00,0.00,0.00,0.00,Matches
509,Milad Zakipour,irIRN,DF,Sepahan,28,1995,12,11,"1,001",11.1,0,1,1,0,0,0,2,0,0.00,0.09,0.09,0.00,0.09,Matches
510,Milad Zakipour,irIRN,DF,Esteghlal,28,1995,14,11,980,10.9,0,1,1,0,0,0,1,0,0.00,0.09,0.09,0.00,0.09,Matches
511,Abolfazl Zamani,irIRN,MF,Esteghlal,18,2006,10,3,325,3.6,1,0,1,1,0,0,3,0,0.28,0.00,0.28,0.28,0.28,Matches
512,Hossein Zamehran,irIRN,FW,Nassaji,32,1992,27,21,"1,744",19.4,0,1,1,0,0,0,4,0,0.00,0.05,0.05,0.00,0.05,Matches
513,Mahdi Zare,,DF,Gol Gohar,21,2003,23,23,"2,030",22.6,0,0,0,0,0,0,4,0,0.00,0.00,0.00,0.00,0.00,Matches
514,Adib Zarei,irIRN,GK,Foolad,21,2003,1,1,90,1.0,0,0,0,0,0,0,2,0,0.00,0.00,0.00,0.00,0.00,Matches
515,Hamid Zarouni,,FW,Kheybar,18,2005,13,3,424,4.7,0,1,1,0,0,0,1,0,0.00,0.21,0.21,0.00,0.21,Matches
516,Farhad Zavoshi,irIRN,MF,Shams Azar,21,2003,3,0,69,0.8,0,0,0,0,0,0,0,0,0.00,0.00,0.00,0.00,0.00,Matches
517,Mohammadhossein Zavvari,irIRN,MF,SorkhPooshan FC,23,2001,26,13,"1,298",14.4,1,1,2,1,0,0,2,0,0.07,0.07,0.14,0.07,0.14,Matches
518,Khashayar Zebarjad,,MF,Shams Azar,28,1996,15,3,349,3.9,0,0,0,0,0,0,1,0,0.00,0.00,0.00,0.00,0.00,Matches
519,Abolfazl Zoleikhaei,irIRN,DF,Esteghlal,18,2006,1,0,45,0.5,0,0,0,0,0,0,0,0,0.00,0.00,0.00,0.00,0.00,Matches
