,,,,Rk,Player,Nation,Position,Squad,Current age,Year of birth,Matches Played,Starts,Minutes,90s Played,Goals,Assists,Goals + Assists,Non-Penalty Goals,Penalty Kicks Made,Penalty Kicks Attempted,Yellow Cards,Red Cards,Goals/90,Assists/90,Goals + Assists/90,Non-Penalty Goals/90,Non-Penalty Goals + Assists/90,Matches
1,Gabriel Achilier,ecECU,DF,Orense,40-083,1985,13,13,"1,125",12.5,1,0,1,1,0,0,4,0,0.08,0.00,0.08,0.08,0.08,Matches
2,Marcos Acosta,pyPAR,DF,Manta Fútbol Club,33-190,1991,7,7,583,6.5,0,0,0,0,0,0,1,0,0.00,0.00,0.00,0.00,0.00,Matches
3,Ricardo Adé,htHAI,DF,LDU de Quito,35-025,1990,10,10,900,10.0,1,0,1,1,0,0,1,0,0.10,0.00,0.10,0.10,0.10,Matches
4,Alan Aguirre,arARG,DF,Vinotinto,31-306,1993,12,10,904,10.0,0,0,0,0,0,0,2,0,0.00,0.00,0.00,0.00,0.00,Matches
5,Darío Aimar,ecECU,DF,LDU de Quito,30-161,1995,3,3,270,3.0,1,0,1,1,0,0,0,0,0.33,0.00,0.33,0.33,0.33,Matches
6,Jordy Alcivar,ecECU,MF,Independiente,25-314,1999,10,7,616,6.8,0,1,1,0,0,0,0,0,0.00,0.15,0.15,0.00,0.15,Matches
7,Christian Alemán,ecECU,MF,Manta Fútbol Club,29-130,1996,15,12,"1,136",12.6,4,5,9,4,0,0,1,0,0.32,0.40,0.71,0.32,0.71,Matches
8,Gian Allala,uyURU,DF,LDU de Quito,28-149,1997,12,11,934,10.4,0,1,1,0,0,0,2,0,0.00,0.10,0.10,0.00,0.10,Matches
9,Jorge Almagro,ecECU,MF,SD Aucas,24-121,2001,8,6,485,5.4,0,1,1,0,0,0,1,0,0.00,0.19,0.19,0.00,0.19,Matches
10,Jostin Alman,ecECU,FW,Técnico Univ.,30-035,1995,2,0,70,0.8,0,0,0,0,0,0,0,0,0.00,0.00,0.00,0.00,0.00,Matches
11,Fabrizio Almeida,arARG,MF,Manta Fútbol Club,23-243,2001,8,4,332,3.7,0,0,0,0,0,0,3,1,0.00,0.00,0.00,0.00,0.00,Matches
12,Mauricio Alonso,uyURU,MF,Mushuc Runa,31-123,1994,14,5,593,6.6,1,1,2,1,0,0,0,0,0.15,0.15,0.30,0.15,0.30,Matches
13,Alexander Alvarado,ecECU,"MF,FW",LDU de Quito,26-055,1999,14,8,711,7.9,2,3,5,2,0,0,2,0,0.25,0.38,0.63,0.25,0.63,Matches
14,Leonel Álvarez,arARG,MF,Macará,30-085,1995,15,8,711,7.9,1,0,1,1,0,0,2,0,0.13,0.00,0.13,0.13,0.13,Matches
15,Lisandro Alzugaray,arARG,FW,LDU de Quito,35-059,1990,13,2,501,5.6,3,1,4,3,0,0,1,0,0.54,0.18,0.72,0.54,0.72,Matches
16,Gregori Anangonó,ecECU,"DF,MF",Univ Católica,27-030,1998,14,12,"1,087",12.1,0,2,2,0,0,0,6,1,0.00,0.17,0.17,0.00,0.17,Matches
17,Marcos Andrés López,ecECU,"MF,DF",Deportivo Cuenca,32-131,1993,13,13,989,11.0,0,0,0,0,0,0,3,0,0.00,0.00,0.00,0.00,0.00,Matches
18,Brayan Angulo,ecECU,FW,Mushuc Runa,29-197,1995,5,2,213,2.4,1,0,1,1,0,0,1,0,0.42,0.00,0.42,0.42,0.42,Matches
19,Byron Angulo,ecECU,FW,Técnico Univ.,28-242,1996,1,0,10,0.1,0,0,0,0,0,0,0,0,0.00,0.00,0.00,0.00,0.00,Matches
20,Cristopher Angulo,ecECU,"DF,MF",Técnico Univ.,24-249,2000,8,3,294,3.3,0,1,1,0,0,0,0,0,0.00,0.31,0.31,0.00,0.31,Matches
21,Luis Angulo,ecECU,DF,Manta Fútbol Club,28-243,1996,6,5,374,4.2,0,0,0,0,0,0,3,0,0.00,0.00,0.00,0.00,0.00,Matches
22,Carlos Arboleda,ecECU,MF,Libertad,34-142,1991,13,13,"1,129",12.5,2,5,7,2,0,1,2,1,0.16,0.40,0.56,0.16,0.56,Matches
23,Alex Arce,pyPAR,FW,LDU de Quito,29-364,1995,11,11,964,10.7,2,3,5,1,1,1,0,0,0.19,0.28,0.47,0.09,0.37,Matches
24,Luis Arce,ecECU,MF,Mushuc Runa,31-194,1993,14,9,867,9.6,1,2,3,1,0,0,1,0,0.10,0.21,0.31,0.10,0.31,Matches
25,Nahuel Arena,arARG,DF,Macará,26-256,1998,15,14,"1,191",13.2,1,1,2,1,0,0,3,0,0.08,0.08,0.15,0.08,0.15,Matches
Rk,Player,Nation,Pos,Squad,Age,Born,MP,Starts,Min,90s,Gls,Ast,G+A,G-PK,PK,PKatt,CrdY,CrdR,Gls,Ast,G+A,G-PK,G+A-PK,Matches
26,Diego Armas,ecECU,MF,Orense,34-348,1990,8,3,320,3.6,0,0,0,0,0,0,0,0,0.00,0.00,0.00,0.00,0.00,Matches
27,Xavier Arreaga,ecECU,DF,Barcelona,30-260,1994,6,5,448,5.0,0,0,0,0,0,0,1,0,0.00,0.00,0.00,0.00,0.00,Matches
28,Dixon Arroyo,ecECU,MF,Barcelona,33-014,1992,13,10,918,10.2,0,0,0,0,0,0,3,0,0.00,0.00,0.00,0.00,0.00,Matches
29,Eder Arroyo,ecECU,MF,CS Emelec,18-322,2006,1,0,56,0.6,0,0,0,0,0,0,0,0,0.00,0.00,0.00,0.00,0.00,Matches
30,Jean Arroyo,ecECU,MF,Independiente,21-254,2003,6,3,240,2.7,1,1,2,1,0,0,0,0,0.37,0.37,0.75,0.37,0.75,Matches
31,Luis Arroyo,ecECU,"FW,MF",Deportivo Cuenca,29-068,1996,13,8,829,9.2,2,1,3,2,0,0,3,0,0.22,0.11,0.33,0.22,0.33,Matches
32,Diego Ávila,ecECU,FW,Libertad,31-212,1993,7,1,227,2.5,1,1,2,1,0,0,1,1,0.40,0.40,0.79,0.40,0.79,Matches
33,Victor Avila,paPAN,MF,Macará,26-302,1998,4,0,64,0.7,0,0,0,0,0,0,0,0,0.00,0.00,0.00,0.00,0.00,Matches
34,Luis Ayala Brucil,ecECU,"DF,MF",Macará,31-264,1993,12,10,931,10.3,0,0,0,0,0,0,1,0,0.00,0.00,0.00,0.00,0.00,Matches
35,Jaime Ayoví,ecECU,FW,CS Emelec,37-114,1988,11,4,510,5.7,1,0,1,1,0,0,4,0,0.18,0.00,0.18,0.18,0.18,Matches
36,Wilter Ayoví,ecECU,MF,Libertad,28-059,1997,14,14,964,10.7,2,1,3,1,1,2,1,0,0.19,0.09,0.28,0.09,0.19,Matches
37,Ignacio Bailone,arARG,FW,Deportivo Cuenca,31-146,1994,11,4,425,4.7,0,0,0,0,0,1,0,0,0.00,0.00,0.00,0.00,0.00,Matches
38,Wagner Bardales,ecECU,DF,Libertad,20-276,2004,8,4,411,4.6,0,1,1,0,0,0,2,1,0.00,0.22,0.22,0.00,0.22,Matches
39,Gastón Bartora,uyURU,DF,Manta Fútbol Club,23-043,2002,5,2,287,3.2,0,0,0,0,0,0,0,0,0.00,0.00,0.00,0.00,0.00,Matches
40,Hansel Batalla,ecECU,"MF,FW",Delfín,27-218,1997,7,2,213,2.4,0,0,0,0,0,0,0,0,0.00,0.00,0.00,0.00,0.00,Matches
41,Kevin Becerra,ecECU,DF,Libertad,29-161,1996,13,13,"1,170",13.0,1,0,1,1,0,0,2,0,0.08,0.00,0.08,0.08,0.08,Matches
42,Anthony Bedoya,ecECU,DF,El Nacional,29-140,1996,5,3,331,3.7,0,0,0,0,0,0,3,0,0.00,0.00,0.00,0.00,0.00,Matches
43,Bryan Bentaberry,uyURU,DF,Mushuc Runa,28-145,1997,11,11,990,11.0,0,0,0,0,0,0,5,0,0.00,0.00,0.00,0.00,0.00,Matches
44,Ronny Biojo Preciado,ecECU,DF,Libertad,25-330,1999,15,15,"1,350",15.0,0,0,0,0,0,0,3,0,0.00,0.00,0.00,0.00,0.00,Matches
45,Gastón Blanc,arARG,MF,Macará,28-266,1996,8,7,611,6.8,1,1,2,1,0,0,1,0,0.15,0.15,0.29,0.15,0.29,Matches
46,Jimmy Bolaños,ecECU,DF,Libertad,24-301,2000,13,11,934,10.4,0,1,1,0,0,0,3,1,0.00,0.10,0.10,0.00,0.10,Matches
47,Eduardo Bores,veVEN,GK,Libertad,22-230,2002,15,15,"1,350",15.0,0,0,0,0,0,0,2,0,0.00,0.00,0.00,0.00,0.00,Matches
48,Fricson Borja,ecECU,"MF,FW",El Nacional,25-228,1999,5,3,197,2.2,0,1,1,0,0,0,0,0,0.00,0.46,0.46,0.00,0.46,Matches
49,Jonathan Borja,ecECU,FW,El Nacional,31-071,1994,2,1,82,0.9,0,0,0,0,0,0,0,0,0.00,0.00,0.00,0.00,0.00,Matches
50,Richard Borja,ecECU,FW,Libertad,21-048,2004,4,0,103,1.1,1,1,2,1,0,0,0,0,0.87,0.87,1.75,0.87,1.75,Matches
Rk,Player,Nation,Pos,Squad,Age,Born,MP,Starts,Min,90s,Gls,Ast,G+A,G-PK,PK,PKatt,CrdY,CrdR,Gls,Ast,G+A,G-PK,G+A-PK,Matches
51,Ronny Borja,ecECU,MF,CS Emelec,20-005,2005,3,1,166,1.8,0,0,0,0,0,0,0,0,0.00,0.00,0.00,0.00,0.00,Matches
52,Vilinton Branda,ecECU,MF,El Nacional,23-204,2001,5,0,112,1.2,0,0,0,0,0,0,0,0,0.00,0.00,0.00,0.00,0.00,Matches
53,Jostin Bravo,ecECU,MF,Libertad,24-090,2001,2,0,25,0.3,0,0,0,0,0,0,0,0,0.00,0.00,0.00,0.00,0.00,Matches
54,Ronald Briones,ecECU,MF,SD Aucas,25-000,2000,13,11,889,9.9,2,1,3,2,0,0,3,0,0.20,0.10,0.30,0.20,0.30,Matches
55,Mateo Burdisso,arARG,DF,Delfín,23-144,2002,12,12,"1,080",12.0,2,0,2,2,0,0,2,0,0.17,0.00,0.17,0.17,0.17,Matches
56,Brian Bustos,arARG,GK,Deportivo Cuenca,28-297,1996,15,15,"1,350",15.0,0,0,0,0,0,0,1,0,0.00,0.00,0.00,0.00,0.00,Matches
57,Alejandro Cabeza,ecECU,FW,LDU de Quito,28-096,1997,5,0,42,0.5,1,0,1,1,0,0,1,0,2.14,0.00,2.14,2.14,2.14,Matches
58,Matias Cabeza,ecECU,FW,Macará,19-082,2006,2,0,7,0.1,0,0,0,0,0,0,0,0,0.00,0.00,0.00,0.00,0.00,Matches
59,Danny Cabezas,ecECU,MF,Manta Fútbol Club,32-137,1993,14,8,712,7.9,1,3,4,1,0,0,1,0,0.13,0.38,0.51,0.13,0.51,Matches
60,David Cabezas,ecECU,GK,El Nacional,30-003,1995,13,13,"1,170",13.0,0,0,0,0,0,0,2,0,0.00,0.00,0.00,0.00,0.00,Matches
61,Rommel Cabezas,ecECU,DF,El Nacional,25-019,2000,13,13,"1,170",13.0,1,0,1,1,0,0,1,0,0.08,0.00,0.08,0.08,0.08,Matches
62,Jerónimo Cacciabue,arARG,MF,Univ Católica,27-145,1998,14,14,"1,110",12.3,0,0,0,0,0,0,3,0,0.00,0.00,0.00,0.00,0.00,Matches
63,Gianni Cagua,ecECU,FW,Delfín,24-241,2000,13,4,439,4.9,1,0,1,1,0,0,0,0,0.21,0.00,0.21,0.21,0.21,Matches
64,Beder Caicedo,ecECU,DF,Orense,33-033,1992,11,11,954,10.6,0,0,0,0,0,0,5,0,0.00,0.00,0.00,0.00,0.00,Matches
65,Bruno Caicedo,ecECU,"MF,FW",Orense,20-151,2005,13,8,675,7.5,0,0,0,0,0,0,1,0,0.00,0.00,0.00,0.00,0.00,Matches
66,Bryan Caicedo,ecECU,"DF,MF",Macará,24-166,2000,12,9,871,9.7,0,0,0,0,0,0,4,0,0.00,0.00,0.00,0.00,0.00,Matches
67,Eber Caicedo,ecECU,"FW,MF",Libertad,34-043,1991,12,10,793,8.8,4,0,4,4,0,0,1,1,0.45,0.00,0.45,0.45,0.45,Matches
68,Edison Caicedo,ecECU,MF,El Nacional,35-094,1990,7,5,489,5.4,0,0,0,0,0,0,1,1,0.00,0.00,0.00,0.00,0.00,Matches
69,Elián Caicedo,ecECU,"FW,MF",Mushuc Runa,20-101,2005,12,6,684,7.6,3,4,7,3,0,0,0,0,0.39,0.53,0.92,0.39,0.92,Matches
70,Felipe Caicedo,ecECU,"FW,MF",Barcelona,36-283,1988,6,3,249,2.8,2,0,2,1,1,1,0,0,0.72,0.00,0.72,0.36,0.36,Matches
71,Jefferson Caicedo,ecECU,MF,Técnico Univ.,30-192,1994,13,8,738,8.2,1,0,1,1,0,0,3,0,0.12,0.00,0.12,0.12,0.12,Matches
72,José Caicedo,ecECU,MF,Vinotinto,26-113,1999,14,3,354,3.9,0,1,1,0,0,0,0,0,0.00,0.25,0.25,0.00,0.25,Matches
73,Luis Caicedo,ecECU,DF,Delfín,27-264,1997,9,9,744,8.3,0,0,0,0,0,0,3,0,0.00,0.00,0.00,0.00,0.00,Matches
74,Nestor Caicedo,ecECU,FW,Libertad,23-032,2002,15,6,653,7.3,5,0,5,5,0,0,1,0,0.69,0.00,0.69,0.69,0.69,Matches
75,Romario Caicedo,ecECU,"DF,MF",CS Emelec,35-023,1990,14,14,"1,259",14.0,0,0,0,0,0,0,0,1,0.00,0.00,0.00,0.00,0.00,Matches
Rk,Player,Nation,Pos,Squad,Age,Born,MP,Starts,Min,90s,Gls,Ast,G+A,G-PK,PK,PKatt,CrdY,CrdR,Gls,Ast,G+A,G-PK,G+A-PK,Matches
76,Richard Calderón,ecECU,MF,Deportivo Cuenca,31-355,1993,7,7,596,6.6,0,0,0,0,0,0,2,0,0.00,0.00,0.00,0.00,0.00,Matches
77,Davis Camacho,ecECU,MF,Técnico Univ.,27-125,1998,8,5,488,5.4,0,0,0,0,0,0,3,0,0.00,0.00,0.00,0.00,0.00,Matches
78,Gastón Campi,arARG,DF,Barcelona,34-070,1991,11,9,818,9.1,1,2,3,1,0,0,2,0,0.11,0.22,0.33,0.11,0.33,Matches
79,Joshua Canales,hnHON,MF,SD Aucas,24-330,2000,1,0,1,0.0,0,0,0,0,0,0,0,0,0.00,0.00,0.00,0.00,0.00,Matches
80,Luis Cangá,ecECU,DF,Univ Católica,29-362,1995,14,14,"1,260",14.0,0,1,1,0,0,0,5,0,0.00,0.07,0.07,0.00,0.07,Matches
81,Luis Cano,ecECU,"MF,FW",SD Aucas,25-283,1999,7,4,344,3.8,1,1,2,1,0,0,1,0,0.26,0.26,0.52,0.26,0.52,Matches
82,Mateo Carabajal,arARG,DF,Independiente,28-114,1997,12,12,"1,080",12.0,0,0,0,0,0,0,3,0,0.00,0.00,0.00,0.00,0.00,Matches
83,Bryan Carabalí,ecECU,DF,Barcelona,27-179,1997,11,9,848,9.4,1,0,1,1,0,0,1,0,0.11,0.00,0.11,0.11,0.11,Matches
84,Byron Carabalí,ecECU,DF,SD Aucas,22-054,2003,1,1,45,0.5,0,0,0,0,0,0,0,0,0.00,0.00,0.00,0.00,0.00,Matches
85,Franklin Carabalí,ecECU,DF,El Nacional,28-353,1996,12,12,945,10.5,2,0,2,2,0,0,5,0,0.19,0.00,0.19,0.19,0.19,Matches
86,Édison Carcelén,ecECU,DF,Técnico Univ.,32-218,1992,8,5,441,4.9,1,0,1,1,0,0,5,1,0.20,0.00,0.20,0.20,0.20,Matches
87,Michael Carcelen,ecECU,"FW,MF",SD Aucas,28-063,1997,15,10,986,11.0,7,4,11,7,0,1,2,0,0.64,0.37,1.00,0.64,1.00,Matches
88,Omar Cárdenas,ecECU,GK,Delfín,25-287,1999,3,2,211,2.3,0,0,0,0,0,0,0,0,0.00,0.00,0.00,0.00,0.00,Matches
89,Marco Carrasco,ecECU,MF,Vinotinto,32-163,1993,1,1,79,0.9,0,0,0,0,0,0,0,0,0.00,0.00,0.00,0.00,0.00,Matches
90,Facundo Castelli,arARG,"FW,MF",CS Emelec,30-117,1995,11,10,852,9.5,2,0,2,2,0,0,5,1,0.21,0.00,0.21,0.21,0.21,Matches
91,Anderson Castillo,ecECU,"MF,FW",Manta Fútbol Club,21-122,2004,6,2,157,1.7,0,0,0,0,0,0,0,0,0.00,0.00,0.00,0.00,0.00,Matches
92,Byron Castillo,ecECU,"MF,DF",Barcelona,26-217,1998,11,6,572,6.4,0,0,0,0,0,0,2,0,0.00,0.00,0.00,0.00,0.00,Matches
93,Ederson Castillo,ecECU,MF,LDU de Quito,16-187,2008,3,1,61,0.7,0,0,0,0,0,0,0,0,0.00,0.00,0.00,0.00,0.00,Matches
94,Jesus Castillo,ecECU,"DF,MF",Univ Católica,26-050,1999,10,8,711,7.9,0,0,0,0,0,0,1,0,0.00,0.00,0.00,0.00,0.00,Matches
95,Marco Castillo,ecECU,MF,Técnico Univ.,27-305,1997,1,1,61,0.7,0,0,0,0,0,0,0,0,0.00,0.00,0.00,0.00,0.00,Matches
96,Luis Castro,ecECU,MF,Delfín,29-105,1996,13,10,792,8.8,0,0,0,0,0,0,3,0,0.00,0.00,0.00,0.00,0.00,Matches
97,Steve Castro,ecECU,MF,Mushuc Runa,26-051,1999,1,0,16,0.2,0,0,0,0,0,0,0,0,0.00,0.00,0.00,0.00,0.00,Matches
98,Juan Cazares,ecECU,MF,Independiente,33-073,1992,10,3,468,5.2,1,2,3,1,0,0,0,0,0.19,0.38,0.58,0.19,0.58,Matches
99,Adrian Cela,ecECU,"MF,DF",El Nacional,28-065,1997,14,13,973,10.8,3,3,6,3,0,0,2,0,0.28,0.28,0.55,0.28,0.55,Matches
100,José Cevallos Enríquez,ecECU,MF,El Nacional,30-148,1995,13,7,687,7.6,1,2,3,1,0,0,1,0,0.13,0.26,0.39,0.13,0.39,Matches
Rk,Player,Nation,Pos,Squad,Age,Born,MP,Starts,Min,90s,Gls,Ast,G+A,G-PK,PK,PKatt,CrdY,CrdR,Gls,Ast,G+A,G-PK,G+A-PK,Matches
101,Jeremy Chacón,ecECU,MF,Deportivo Cuenca,22-096,2003,10,8,646,7.2,0,0,0,0,0,0,1,1,0.00,0.00,0.00,0.00,0.00,Matches
102,Aníbal Chalá,ecECU,"DF,MF",Barcelona,29-037,1996,8,4,406,4.5,0,1,1,0,0,0,0,0,0.00,0.22,0.22,0.00,0.22,Matches
103,Jeison Chala,ecECU,MF,El Nacional,30-189,1994,7,2,256,2.8,1,0,1,1,0,0,1,0,0.35,0.00,0.35,0.35,0.35,Matches
104,Leodan Chalá,ecECU,GK,El Nacional,27-137,1998,2,2,180,2.0,0,0,0,0,0,0,0,0,0.00,0.00,0.00,0.00,0.00,Matches
105,Walter Chala,ecECU,DF,Barcelona,25-042,2000,4,0,45,0.5,0,0,0,0,0,0,0,0,0.00,0.00,0.00,0.00,0.00,Matches
106,Tommy Chamba,ecECU,MF,CS Emelec,20-235,2004,6,0,127,1.4,0,0,0,0,0,0,1,0,0.00,0.00,0.00,0.00,0.00,Matches
107,Jhon Chancellor,veVEN,DF,Univ Católica,33-164,1992,10,8,771,8.6,0,0,0,0,0,0,3,0,0.00,0.00,0.00,0.00,0.00,Matches
108,Jairón Charcopa,ecECU,FW,Técnico Univ.,21-139,2004,7,3,255,2.8,0,0,0,0,0,0,0,0,0.00,0.00,0.00,0.00,0.00,Matches
109,Walter Chávez,ecECU,GK,Técnico Univ.,31-070,1994,6,6,540,6.0,0,0,0,0,0,0,0,0,0.00,0.00,0.00,0.00,0.00,Matches
110,Antony Chére,ecECU,FW,Macará,28-292,1996,15,7,745,8.3,0,0,0,0,0,0,0,0,0.00,0.00,0.00,0.00,0.00,Matches
111,Andrés Chicaiza,ecECU,"MF,FW",Técnico Univ.,33-073,1992,9,5,424,4.7,1,0,1,1,0,0,1,0,0.21,0.00,0.21,0.21,0.21,Matches
112,Ulises Ciccioli,arARG,"DF,MF",SD Aucas,22-128,2003,13,11,"1,011",11.2,2,2,4,2,0,0,2,0,0.18,0.18,0.36,0.18,0.36,Matches
113,Jhon Cifuente,ecECU,FW,El Nacional,32-327,1992,10,3,392,4.4,2,0,2,1,1,1,2,0,0.46,0.00,0.46,0.23,0.23,Matches
114,Kevin Coba,ecECU,MF,Vinotinto,29-049,1996,10,2,234,2.6,0,0,0,0,0,0,1,0,0.00,0.00,0.00,0.00,0.00,Matches
115,José Contreras Verna,veVEN,GK,Barcelona,30-238,1994,10,10,828,9.2,0,0,0,0,0,0,0,0,0.00,0.00,0.00,0.00,0.00,Matches
116,Fernando Cornejo Miranda,clCHI,MF,LDU de Quito,29-171,1995,12,9,771,8.6,1,1,2,1,0,0,0,0,0.12,0.12,0.23,0.12,0.23,Matches
117,Dany Coronel,ecECU,FW,Orense,22-285,2002,9,0,82,0.9,0,0,0,0,0,0,0,0,0.00,0.00,0.00,0.00,0.00,Matches
118,Bryan Corozo,ecECU,MF,Técnico Univ.,24-300,2000,11,9,682,7.6,0,0,0,0,0,0,2,0,0.00,0.00,0.00,0.00,0.00,Matches
119,Janner Corozo,ecECU,MF,Barcelona,29-280,1995,13,9,910,10.1,2,1,3,2,0,0,0,0,0.20,0.10,0.30,0.20,0.30,Matches
120,Washington Corozo,ecECU,MF,CS Emelec,26-341,1998,13,7,512,5.7,2,1,3,2,0,1,2,0,0.35,0.18,0.53,0.35,0.53,Matches
121,Cristian Correa,arARG,GK,Macará,34-021,1991,3,3,220,2.4,0,0,0,0,0,0,0,1,0.00,0.00,0.00,0.00,0.00,Matches
122,Gabriel Cortez,ecECU,"FW,MF",Barcelona,29-248,1995,13,9,664,7.4,5,2,7,4,1,1,1,0,0.68,0.27,0.95,0.54,0.81,Matches
123,Gustavo Cortez,ecECU,"DF,MF",Independiente,27-247,1997,9,7,609,6.8,0,0,0,0,0,0,1,0,0.00,0.00,0.00,0.00,0.00,Matches
124,Marvin Cortez,ecECU,,Técnico Univ.,21-062,2004,1,0,10,0.1,0,0,0,0,0,0,0,0,0.00,0.00,0.00,0.00,0.00,Matches
125,Ramiro Cristóbal,uyURU,MF,Mushuc Runa,29-066,1996,4,4,270,3.0,0,0,0,0,0,0,0,0,0.00,0.00,0.00,0.00,0.00,Matches
Rk,Player,Nation,Pos,Squad,Age,Born,MP,Starts,Min,90s,Gls,Ast,G+A,G-PK,PK,PKatt,CrdY,CrdR,Gls,Ast,G+A,G-PK,G+A-PK,Matches
126,Braian Cuello,arARG,FW,Técnico Univ.,24-075,2001,3,0,80,0.9,0,1,1,0,0,0,0,0,0.00,1.13,1.13,0.00,1.13,Matches
127,Brian Cuello,arARG,"MF,FW",Delfín,27-258,1997,11,10,806,9.0,1,2,3,1,0,0,1,0,0.11,0.22,0.33,0.11,0.33,Matches
128,Carlos Cuero,ecECU,"DF,MF",Delfín,29-118,1996,10,10,838,9.3,0,1,1,0,0,0,3,0,0.00,0.11,0.11,0.00,0.11,Matches
129,Josué Cuero,ecECU,"DF,MF",Delfín,24-025,2001,15,15,"1,254",13.9,0,0,0,0,0,0,0,0,0.00,0.00,0.00,0.00,0.00,Matches
130,Esteban Dávila,ecECU,MF,Mushuc Runa,29-128,1996,9,6,588,6.5,0,0,0,0,0,0,3,1,0.00,0.00,0.00,0.00,0.00,Matches
131,Ignacio De Arruabarrena,uyURU,GK,Barcelona,28-150,1997,5,4,432,4.8,0,0,0,0,0,0,1,0,0.00,0.00,0.00,0.00,0.00,Matches
132,Bryan De Jesús,ecECU,MF,El Nacional,30-125,1995,3,0,36,0.4,0,0,0,0,0,0,0,0,0.00,0.00,0.00,0.00,0.00,Matches
133,Bagner Delgado,ecECU,MF,Mushuc Runa,29-207,1995,6,2,155,1.7,0,0,0,0,0,0,0,0,0.00,0.00,0.00,0.00,0.00,Matches
134,Ismael Díaz,paPAN,"MF,FW",Univ Católica,28-034,1997,15,15,"1,314",14.6,7,1,8,4,3,3,0,0,0.48,0.07,0.55,0.27,0.34,Matches
135,Mauro Díaz,arARG,MF,Univ Católica,34-097,1991,13,10,809,9.0,3,4,7,3,0,0,2,0,0.33,0.44,0.78,0.33,0.78,Matches
136,Melvin Díaz,ecECU,MF,LDU de Quito,23-201,2001,4,1,123,1.4,0,1,1,0,0,0,0,0,0.00,0.73,0.73,0.00,0.73,Matches
137,Alexander Domínguez,ecECU,GK,LDU de Quito,38-010,1987,13,13,"1,170",13.0,0,0,0,0,0,0,0,0,0.00,0.00,0.00,0.00,0.00,Matches
138,Paul Durán,ecECU,MF,LDU de Quito,19-347,2005,1,0,28,0.3,0,0,0,0,0,0,0,0,0.00,0.00,0.00,0.00,0.00,Matches
139,Yeltzin Erique,ecECU,DF,LDU de Quito,22-080,2003,7,5,490,5.4,0,0,0,0,0,0,0,0,0.00,0.00,0.00,0.00,0.00,Matches
140,Toño Espinoza,ecECU,"DF,MF",Macará,29-120,1996,15,13,"1,050",11.7,0,0,0,0,0,0,4,0,0.00,0.00,0.00,0.00,0.00,Matches
141,Carlos Estacio,ecECU,MF,Delfín,27-247,1997,11,8,666,7.4,0,0,0,0,0,0,3,0,0.00,0.00,0.00,0.00,0.00,Matches
142,Michael Estrada,ecECU,FW,LDU de Quito,29-069,1996,12,4,604,6.7,4,2,6,4,0,0,0,0,0.60,0.30,0.89,0.60,0.89,Matches
143,Luis Estupiñán,ecECU,MF,Deportivo Cuenca,26-033,1999,12,8,646,7.2,0,0,0,0,0,0,1,0,0.00,0.00,0.00,0.00,0.00,Matches
144,José Fajardo,paPAN,"FW,MF",Univ Católica,31-301,1993,10,3,445,4.9,1,0,1,1,0,0,2,0,0.20,0.00,0.20,0.20,0.20,Matches
145,Luis Felipe Zárate,pyPAR,DF,Independiente,25-110,2000,10,10,793,8.8,3,1,4,3,0,0,1,0,0.34,0.11,0.45,0.34,0.45,Matches
146,Matías Fernández Cordero,clCHI,"DF,MF",Independiente,29-305,1995,12,12,"1,058",11.8,0,1,1,0,0,0,3,0,0.00,0.09,0.09,0.00,0.09,Matches
147,José Flor,ecECU,DF,El Nacional,27-071,1998,8,7,620,6.9,0,0,0,0,0,0,4,0,0.00,0.00,0.00,0.00,0.00,Matches
148,Rodrigo Formento,uyURU,GK,Mushuc Runa,25-263,1999,12,12,"1,080",12.0,0,1,1,0,0,0,1,0,0.00,0.08,0.08,0.00,0.08,Matches
149,Luis Fragozo,coCOL,FW,CS Emelec,15-068,2010,5,0,78,0.9,0,0,0,0,0,0,0,0,0.00,0.00,0.00,0.00,0.00,Matches
150,José Gabriel Cevallos,ecECU,GK,Macará,27-088,1998,13,12,"1,126",12.5,0,0,0,0,0,0,1,0,0.00,0.00,0.00,0.00,0.00,Matches
Rk,Player,Nation,Pos,Squad,Age,Born,MP,Starts,Min,90s,Gls,Ast,G+A,G-PK,PK,PKatt,CrdY,CrdR,Gls,Ast,G+A,G-PK,G+A-PK,Matches
151,Nahuel Gallardo,arARG,DF,Delfín,27-037,1998,12,12,"1,050",11.7,1,2,3,0,1,1,4,2,0.09,0.17,0.26,0.00,0.17,Matches
152,Roberto Garcés,ecECU,MF,CS Emelec,32-008,1993,10,7,585,6.5,0,0,0,0,0,0,0,0,0.00,0.00,0.00,0.00,0.00,Matches
153,Ariel García,ecECU,DF,Delfín,25-127,2000,4,3,294,3.3,0,0,0,0,0,0,0,0,0.00,0.00,0.00,0.00,0.00,Matches
154,Bryan García,ecECU,MF,Independiente,24-148,2001,2,0,56,0.6,0,0,0,0,0,0,1,0,0.00,0.00,0.00,0.00,0.00,Matches
155,Agustín Gómez,arARG,DF,Deportivo Cuenca,28-291,1996,15,15,"1,350",15.0,0,0,0,0,0,0,1,0,0.00,0.00,0.00,0.00,0.00,Matches
156,Jandry Gómez,ecECU,MF,Barcelona,18-324,2006,7,3,269,3.0,0,0,0,0,0,0,0,0,0.00,0.00,0.00,0.00,0.00,Matches
157,Luis Gómez,ecECU,"MF,DF",Vinotinto,25-153,2000,14,13,"1,154",12.8,1,3,4,1,0,0,5,0,0.08,0.23,0.31,0.08,0.31,Matches
158,Marcio Gómez,arARG,DF,Técnico Univ.,25-029,2000,13,11,"1,080",12.0,0,1,1,0,0,0,2,0,0.00,0.08,0.08,0.00,0.08,Matches
159,Jheremy Gonzaga,ecECU,FW,CS Emelec,19-125,2006,2,0,32,0.4,0,0,0,0,0,0,0,0,0.00,0.00,0.00,0.00,0.00,Matches
160,Alexander González,veVEN,"MF,DF",CS Emelec,32-275,1992,14,14,"1,149",12.8,0,0,0,0,0,0,3,0,0.00,0.00,0.00,0.00,0.00,Matches
161,Sergio González,arARG,"FW,MF",Técnico Univ.,30-071,1995,14,12,957,10.6,3,0,3,3,0,0,4,0,0.28,0.00,0.28,0.28,0.28,Matches
162,Ángel Gracia,ecECU,"MF,DF",Mushuc Runa,36-016,1989,11,7,593,6.6,1,3,4,1,0,1,2,0,0.15,0.46,0.61,0.15,0.61,Matches
163,Carlos Gruezo,ecECU,MF,LDU de Quito,30-057,1995,13,12,"1,008",11.2,0,2,2,0,0,0,6,0,0.00,0.18,0.18,0.00,0.18,Matches
164,Carlos Gruezo,ecECU,DF,Libertad,25-093,2000,5,2,201,2.2,0,0,0,0,0,0,1,0,0.00,0.00,0.00,0.00,0.00,Matches
165,Edison Gruezo,ecECU,,SD Aucas,18-031,2007,7,0,144,1.6,2,0,2,2,0,0,1,0,1.25,0.00,1.25,1.25,1.25,Matches
166,Darwin Guagua,ecECU,MF,Independiente,17-221,2007,1,0,22,0.2,0,0,0,0,0,0,0,0,0.00,0.00,0.00,0.00,0.00,Matches
167,Adrian Guerrero,ecECU,DF,Manta Fútbol Club,21-312,2003,1,0,7,0.1,0,0,0,0,0,0,1,0,0.00,0.00,0.00,0.00,0.00,Matches
168,Johan Guerrero,ecECU,DF,Orense,20-058,2005,1,0,1,0.0,0,0,0,0,0,0,0,0,0.00,0.00,0.00,0.00,0.00,Matches
169,Eddie Guevara,ecECU,DF,Deportivo Cuenca,35-074,1990,7,1,224,2.5,0,0,0,0,0,0,0,0,0.00,0.00,0.00,0.00,0.00,Matches
170,Jawer Guisamano,ecECU,MF,El Nacional,28-235,1996,10,6,573,6.4,0,0,0,0,0,0,1,0,0.00,0.00,0.00,0.00,0.00,Matches
171,Luis Gustavino,ecECU,DF,Deportivo Cuenca,26-037,1999,14,13,"1,124",12.5,0,0,0,0,0,0,1,0,0.00,0.00,0.00,0.00,0.00,Matches
172,Luis Haquín,boBOL,DF,Mushuc Runa,27-212,1997,10,10,900,10.0,2,0,2,1,1,1,0,0,0.20,0.00,0.20,0.10,0.10,Matches
173,Brian Heras,ecECU,GK,Delfín,30-059,1995,13,13,"1,139",12.7,0,0,0,0,0,0,0,0,0.00,0.00,0.00,0.00,0.00,Matches
174,Bryan Hernández,ecECU,"DF,MF",El Nacional,26-177,1998,6,3,315,3.5,0,0,0,0,0,0,1,0,0.00,0.00,0.00,0.00,0.00,Matches
175,Edison Hernández,ecECU,DF,Vinotinto,26-174,1998,14,9,906,10.1,0,0,0,0,0,0,3,0,0.00,0.00,0.00,0.00,0.00,Matches
Rk,Player,Nation,Pos,Squad,Age,Born,MP,Starts,Min,90s,Gls,Ast,G+A,G-PK,PK,PKatt,CrdY,CrdR,Gls,Ast,G+A,G-PK,G+A-PK,Matches
176,Luifer Hernández,veVEN,FW,Vinotinto,24-048,2001,5,0,70,0.8,1,0,1,1,0,0,0,0,1.29,0.00,1.29,1.29,1.29,Matches
177,Manuel Hernández,ecECU,DF,Técnico Univ.,28-179,1996,15,14,"1,145",12.7,1,0,1,1,0,0,1,0,0.08,0.00,0.08,0.08,0.08,Matches
178,Walter Herrera,arARG,"FW,MF",Orense,27-158,1998,13,10,782,8.7,4,1,5,2,2,2,2,1,0.46,0.12,0.58,0.23,0.35,Matches
179,Michael Hoyos,arARG,FW,Independiente,33-317,1991,13,9,675,7.5,7,1,8,6,1,1,1,0,0.93,0.13,1.07,0.80,0.93,Matches
180,Renato Ibarra,ecECU,MF,Independiente,34-146,1991,9,4,410,4.6,0,0,0,0,0,0,1,0,0.00,0.00,0.00,0.00,0.00,Matches
181,Romario Ibarra,ecECU,MF,Independiente,30-264,1994,6,1,191,2.1,0,1,1,0,0,0,0,0,0.00,0.47,0.47,0.00,0.47,Matches
182,Fernando Illescas,mxMEX,MF,SD Aucas,26-014,1999,4,1,77,0.9,0,0,0,0,0,0,0,0,0.00,0.00,0.00,0.00,0.00,Matches
183,Jhon Jairo Sánchez,ecECU,"MF,FW",CS Emelec,25-320,1999,14,9,824,9.2,0,1,1,0,0,0,1,0,0.00,0.11,0.11,0.00,0.11,Matches
184,Marcelo Jaramillo,ecECU,DF,Manta Fútbol Club,23-352,2001,12,9,791,8.8,0,1,1,0,0,0,4,0,0.00,0.11,0.11,0.00,0.11,Matches
185,Juan Jiménez,coCOL,MF,Técnico Univ.,31-095,1994,12,10,895,9.9,0,0,0,0,0,0,1,0,0.00,0.00,0.00,0.00,0.00,Matches
186,Iago Joaquín Iriarte,arARG,DF,Vinotinto,25-017,2000,11,11,990,11.0,0,0,0,0,0,0,3,0,0.00,0.00,0.00,0.00,0.00,Matches
187,José Juan Vázquez,mxMEX,MF,SD Aucas,37-093,1988,14,8,674,7.5,0,0,0,0,0,0,0,0,0.00,0.00,0.00,0.00,0.00,Matches
188,Madison Julio,ecECU,MF,Técnico Univ.,27-248,1997,5,2,133,1.5,1,0,1,1,0,0,0,0,0.68,0.00,0.68,0.68,0.68,Matches
189,Daniel de la Cruz,ecECU,"DF,MF",LDU de Quito,21-101,2004,11,6,611,6.8,1,1,2,1,0,0,0,1,0.15,0.15,0.29,0.15,0.29,Matches
190,Johan Lara,ecECU,GK,Univ Católica,26-107,1999,9,9,810,9.0,0,0,0,0,0,0,0,0,0.00,0.00,0.00,0.00,0.00,Matches
191,Christian Larotonda,veVEN,MF,Vinotinto,26-020,1999,15,14,"1,247",13.9,0,1,1,0,0,0,3,0,0.00,0.07,0.07,0.00,0.07,Matches
192,Edgar Lastre,ecECU,DF,Libertad,25-275,1999,4,0,43,0.5,0,1,1,0,0,0,0,0,0.00,2.09,2.09,0.00,2.09,Matches
193,Ángel Ledesma,ecECU,FW,El Nacional,31-358,1993,11,6,574,6.4,1,0,1,1,0,0,3,0,0.16,0.00,0.16,0.16,0.16,Matches
194,Darlin Leiton,ecECU,MF,Manta Fútbol Club,24-037,2001,8,0,215,2.4,0,0,0,0,0,0,0,0,0.00,0.00,0.00,0.00,0.00,Matches
195,Joaquín León,arARG,MF,Delfín,28-025,1997,9,1,232,2.6,1,0,1,1,0,0,1,0,0.39,0.00,0.39,0.39,0.39,Matches
196,Leonai,brBRA,MF,Barcelona,30-048,1995,12,6,571,6.3,0,1,1,0,0,0,4,0,0.00,0.16,0.16,0.00,0.16,Matches
197,Mateo Levato,arARG,FW,Delfín,29-146,1996,13,10,835,9.3,1,0,1,1,0,0,1,1,0.11,0.00,0.11,0.11,0.11,Matches
198,Azarias Londoño,paPAN,"MF,FW",Univ Católica,23-359,2001,14,9,846,9.4,2,2,4,2,0,0,2,0,0.21,0.21,0.43,0.21,0.43,Matches
199,Layan Loor,ecECU,"MF,DF",Independiente,24-023,2001,11,8,724,8.0,0,3,3,0,0,0,0,0,0.00,0.37,0.37,0.00,0.37,Matches
200,Darwin López,coCOL,FW,Macará,33-125,1992,11,8,603,6.7,0,0,0,0,0,0,0,0,0.00,0.00,0.00,0.00,0.00,Matches
Rk,Player,Nation,Pos,Squad,Age,Born,MP,Starts,Min,90s,Gls,Ast,G+A,G-PK,PK,PKatt,CrdY,CrdR,Gls,Ast,G+A,G-PK,G+A-PK,Matches
201,José Lugo Quiñonez,ecECU,FW,Vinotinto,32-076,1993,8,4,363,4.0,0,1,1,0,0,0,0,0,0.00,0.25,0.25,0.00,0.25,Matches
202,José Luis Cazares,ecECU,MF,Macará,34-032,1991,14,14,"1,240",13.8,0,1,1,0,0,0,5,0,0.00,0.07,0.07,0.00,0.07,Matches
203,José Luis Marrufo,veVEN,DF,Macará,29-034,1996,15,14,"1,304",14.5,2,0,2,2,0,0,4,0,0.14,0.00,0.14,0.14,0.14,Matches
204,Danny Luna,ecECU,"MF,FW",Vinotinto,34-021,1991,13,12,940,10.4,3,5,8,3,0,0,1,0,0.29,0.48,0.77,0.29,0.77,Matches
205,Ramiro Luna,arARG,MF,Orense,29-329,1995,8,1,246,2.7,0,1,1,0,0,0,1,0,0.00,0.37,0.37,0.00,0.37,Matches
206,Roberto Luzárraga,ecECU,DF,Técnico Univ.,34-111,1991,6,5,441,4.9,0,0,0,0,0,0,2,1,0.00,0.00,0.00,0.00,0.00,Matches
207,Milton Maciel,pyPAR,MF,Univ Católica,25-275,1999,7,1,77,0.9,0,0,0,0,0,0,0,0,0.00,0.00,0.00,0.00,0.00,Matches
208,Andrés Madruga,uyURU,DF,Manta Fútbol Club,21-129,2004,8,7,639,7.1,1,0,1,1,0,0,4,1,0.14,0.00,0.14,0.14,0.14,Matches
209,Lucas Mancinelli,arARG,"FW,MF",Deportivo Cuenca,35-344,1989,13,13,"1,027",11.4,4,1,5,4,0,1,1,0,0.35,0.09,0.44,0.35,0.44,Matches
210,Facundo Martínez,arARG,MF,Univ Católica,40-074,1985,3,1,126,1.4,0,0,0,0,0,0,1,0,0.00,0.00,0.00,0.00,0.00,Matches
211,Fidel Martínez,ecECU,FW,El Nacional,35-120,1990,5,1,107,1.2,0,0,0,0,0,0,0,0,0.00,0.00,0.00,0.00,0.00,Matches
212,Jhoel Maya,ecECU,MF,El Nacional,19-161,2006,2,0,26,0.3,0,0,0,0,0,0,0,0,0.00,0.00,0.00,0.00,0.00,Matches
213,Carlos Medina,ecECU,DF,Univ Católica,23-235,2001,11,11,943,10.5,1,0,1,1,0,0,0,0,0.10,0.00,0.10,0.10,0.10,Matches
214,Jeison Medina,coCOL,FW,Independiente,30-108,1995,11,5,461,5.1,3,0,3,3,0,0,2,0,0.59,0.00,0.59,0.59,0.59,Matches
215,Ober Medina,ecECU,DF,Delfín,20-177,2004,5,4,363,4.0,0,0,0,0,0,0,0,0,0.00,0.00,0.00,0.00,0.00,Matches
216,Marlon Medranda,ecECU,DF,Técnico Univ.,26-027,1999,9,8,667,7.4,0,1,1,0,0,0,4,1,0.00,0.13,0.13,0.00,0.13,Matches
217,Eddy Mejía,ecECU,MF,El Nacional,25-098,2000,13,10,880,9.8,3,2,5,3,0,0,0,0,0.31,0.20,0.51,0.31,0.51,Matches
218,Jeremy Mejía,ecECU,MF,El Nacional,18-289,2006,6,2,143,1.6,0,0,0,0,0,0,1,0,0.00,0.00,0.00,0.00,0.00,Matches
219,Marcos Mejía,ecECU,MF,Orense,26-354,1998,12,5,502,5.6,0,0,0,0,0,0,0,0,0.00,0.00,0.00,0.00,0.00,Matches
220,Marcelo Meli,arARG,MF,CS Emelec,32-360,1992,12,12,977,10.9,0,1,1,0,0,0,5,1,0.00,0.09,0.09,0.00,0.09,Matches
221,Andrés Mena,ecECU,MF,El Nacional,24-281,2000,2,1,51,0.6,0,0,0,0,0,0,0,0,0.00,0.00,0.00,0.00,0.00,Matches
222,Ángel Mena,ecECU,"MF,FW",Orense,37-145,1988,11,10,869,9.7,2,3,5,2,0,0,2,0,0.21,0.31,0.52,0.21,0.52,Matches
223,Jhegson Méndez,ecECU,MF,Independiente,28-050,1997,13,10,939,10.4,0,0,0,0,0,0,1,0,0.00,0.00,0.00,0.00,0.00,Matches
224,Erick Mendoza,ecECU,"FW,MF",Delfín,23-163,2002,10,9,810,9.0,3,0,3,3,0,1,1,0,0.33,0.00,0.33,0.33,0.33,Matches
225,Randy Meneses,ecECU,DF,Orense,21-062,2004,2,1,72,0.8,0,0,0,0,0,0,0,0,0.00,0.00,0.00,0.00,0.00,Matches
Rk,Player,Nation,Pos,Squad,Age,Born,MP,Starts,Min,90s,Gls,Ast,G+A,G-PK,PK,PKatt,CrdY,CrdR,Gls,Ast,G+A,G-PK,G+A-PK,Matches
226,Francisco Mera,ecECU,MF,Vinotinto,33-009,1992,14,11,862,9.6,4,0,4,4,0,0,2,0,0.42,0.00,0.42,0.42,0.42,Matches
227,Patrik Mercado,ecECU,MF,Independiente,21-319,2003,15,12,931,10.3,2,6,8,2,0,0,0,0,0.19,0.58,0.77,0.19,0.77,Matches
228,Mero,ecECU,GK,Técnico Univ.,30-298,1994,9,9,810,9.0,0,0,0,0,0,0,2,0,0.00,0.00,0.00,0.00,0.00,Matches
229,José Miguel Andrade,ecECU,FW,Técnico Univ.,32-152,1993,9,4,381,4.2,2,0,2,2,0,0,2,0,0.47,0.00,0.47,0.47,0.47,Matches
230,Angelo Mina,ecECU,MF,SD Aucas,26-106,1999,14,12,966,10.7,1,0,1,1,0,0,1,0,0.09,0.00,0.09,0.09,0.09,Matches
231,Ariel Mina,ecECU,"MF,DF",Vinotinto,22-054,2003,14,14,"1,176",13.1,0,3,3,0,0,0,4,1,0.00,0.23,0.23,0.00,0.23,Matches
232,Freddy Mina,ecECU,MF,LDU de Quito,26-326,1998,1,0,11,0.1,0,0,0,0,0,0,0,0,0.00,0.00,0.00,0.00,0.00,Matches
233,Glendys Mina,ecECU,"DF,MF",Mushuc Runa,29-110,1996,13,8,797,8.9,0,1,1,0,0,0,2,0,0.00,0.11,0.11,0.00,0.11,Matches
234,Jeremy Mina,ecECU,"DF,MF",Manta Fútbol Club,23-272,2001,11,9,748,8.3,0,0,0,0,0,0,1,0,0.00,0.00,0.00,0.00,0.00,Matches
235,Jonnathan Mina,ecECU,"DF,MF",SD Aucas,30-079,1995,15,15,"1,350",15.0,1,6,7,1,0,0,2,0,0.07,0.40,0.47,0.07,0.47,Matches
236,Jostyn Mina,ecECU,GK,CS Emelec,23-296,2001,2,2,109,1.2,0,0,0,0,0,0,0,0,0.00,0.00,0.00,0.00,0.00,Matches
237,Kevin Mina,ecECU,FW,CS Emelec,18-268,2006,3,0,104,1.2,0,0,0,0,0,0,0,0,0.00,0.00,0.00,0.00,0.00,Matches
238,Richard Mina,ecECU,DF,LDU de Quito,25-328,1999,4,4,339,3.8,0,0,0,0,0,0,1,0,0.00,0.00,0.00,0.00,0.00,Matches
239,Sixto Mina,ecECU,DF,Orense,25-228,1999,8,4,422,4.7,0,0,0,0,0,0,2,0,0.00,0.00,0.00,0.00,0.00,Matches
240,Kevin Minda,ecECU,"MF,DF",LDU de Quito,26-206,1998,11,6,529,5.9,0,1,1,0,0,0,2,0,0.00,0.17,0.17,0.00,0.17,Matches
241,Bruno Miranda,boBOL,FW,Mushuc Runa,27-125,1998,12,8,683,7.6,4,1,5,4,0,0,1,0,0.53,0.13,0.66,0.53,0.66,Matches
242,Lisandro Mitre,arARG,GK,Vinotinto,29-179,1995,15,15,"1,350",15.0,0,0,0,0,0,0,0,0,0.00,0.00,0.00,0.00,0.00,Matches
243,Jordán Mohor,ecECU,DF,Técnico Univ.,24-185,2000,11,1,302,3.4,0,0,0,0,0,0,0,0,0.00,0.00,0.00,0.00,0.00,Matches
244,Nicolás Molina,arARG,FW,Vinotinto,26-138,1999,11,5,477,5.3,3,0,3,3,0,0,2,0,0.57,0.00,0.57,0.57,0.57,Matches
245,Nixon Molina,ecECU,MF,Orense,32-081,1993,14,12,963,10.7,1,0,1,1,0,0,0,0,0.09,0.00,0.09,0.09,0.09,Matches
246,José Monaga,ecECU,DF,Libertad,27-078,1998,9,3,320,3.6,1,0,1,1,0,0,2,0,0.28,0.00,0.28,0.28,0.28,Matches
247,Jean Montaño,ecECU,MF,Libertad,26-138,1999,15,15,"1,208",13.4,1,2,3,1,0,0,3,0,0.07,0.15,0.22,0.07,0.22,Matches
248,Marco Montaño,ecECU,DF,El Nacional,32-280,1992,11,7,619,6.9,0,0,0,0,0,0,0,0,0.00,0.00,0.00,0.00,0.00,Matches
249,Brian Montenegro,pyPAR,FW,SD Aucas,32-005,1993,10,10,824,9.2,5,1,6,5,0,1,0,0,0.55,0.11,0.66,0.55,0.66,Matches
250,Rafael Monti,arARG,FW,Vinotinto,25-189,1999,15,11,998,11.1,10,2,12,9,1,1,2,0,0.90,0.18,1.08,0.81,0.99,Matches
Rk,Player,Nation,Pos,Squad,Age,Born,MP,Starts,Min,90s,Gls,Ast,G+A,G-PK,PK,PKatt,CrdY,CrdR,Gls,Ast,G+A,G-PK,G+A-PK,Matches
251,Fernando Mora,ecECU,DF,El Nacional,29-067,1996,4,3,246,2.7,0,1,1,0,0,0,0,0,0.00,0.37,0.37,0.00,0.37,Matches
252,Janpol Morales,paPAN,"MF,FW",Macará,26-358,1998,14,12,"1,048",11.6,0,1,1,0,0,1,6,0,0.00,0.09,0.09,0.00,0.09,Matches
253,Kliver Moreno,coCOL,MF,Deportivo Cuenca,24-310,2000,14,12,"1,107",12.3,1,0,1,1,0,0,2,0,0.08,0.00,0.08,0.08,0.08,Matches
254,Luis Moreno,ecECU,"MF,FW",Univ Católica,20-107,2005,11,8,701,7.8,0,0,0,0,0,0,0,0,0.00,0.00,0.00,0.00,0.00,Matches
255,Romey Morocho,ecECU,MF,Deportivo Cuenca,27-028,1998,8,4,336,3.7,0,0,0,0,0,0,1,0,0.00,0.00,0.00,0.00,0.00,Matches
256,Ignacio Mosquera,ecECU,DF,Univ Católica,21-117,2004,3,0,46,0.5,0,0,0,0,0,0,0,0,0.00,0.00,0.00,0.00,0.00,Matches
257,Adolfo Muñoz,ecECU,MF,Macará,27-185,1997,13,12,"1,062",11.8,3,3,6,3,0,0,0,0,0.25,0.25,0.51,0.25,0.51,Matches
258,Elkin Muñoz,ecECU,MF,CS Emelec,19-351,2005,11,10,663,7.4,0,0,0,0,0,0,0,0,0.00,0.00,0.00,0.00,0.00,Matches
259,Gilmar Napa,ecECU,GK,CS Emelec,22-161,2003,1,0,71,0.8,0,0,0,0,0,0,0,0,0.00,0.00,0.00,0.00,0.00,Matches
260,Gian Nardelli,arARG,DF,Vinotinto,25-096,2000,15,15,"1,312",14.6,1,1,2,1,0,0,2,0,0.07,0.07,0.14,0.07,0.14,Matches
261,Limber Navarrete,ecECU,DF,Manta Fútbol Club,21-026,2004,4,3,199,2.2,0,0,0,0,0,0,1,0,0.00,0.00,0.00,0.00,0.00,Matches
262,Bryan Nazareno,ecECU,"MF,DF",Deportivo Cuenca,25-107,2000,6,2,204,2.3,0,1,1,0,0,0,0,0,0.00,0.44,0.44,0.00,0.44,Matches
263,Jefferson Nazareno,ecECU,DF,Técnico Univ.,26-082,1999,1,1,90,1.0,0,0,0,0,0,0,0,0,0.00,0.00,0.00,0.00,0.00,Matches
264,Juan Nazareno,ecECU,MF,Delfín,26-301,1998,1,0,9,0.1,0,0,0,0,0,0,0,0,0.00,0.00,0.00,0.00,0.00,Matches
265,David Noboa,ecECU,MF,Deportivo Cuenca,30-030,1995,5,1,114,1.3,0,0,0,0,0,0,0,0,0.00,0.00,0.00,0.00,0.00,Matches
266,Marlon Noroña,ecECU,FW,Técnico Univ.,20-182,2004,1,0,17,0.2,0,0,0,0,0,0,1,0,0.00,0.00,0.00,0.00,0.00,Matches
267,Virgilio Olaya,ecECU,DF,SD Aucas,17-132,2008,2,1,46,0.5,0,0,0,0,0,0,0,0,0.00,0.00,0.00,0.00,0.00,Matches
268,Alan Olinick,arARG,MF,Orense,24-321,2000,11,6,573,6.4,1,0,1,1,0,0,1,0,0.16,0.00,0.16,0.16,0.16,Matches
269,Marcos Olmedo,ecECU,MF,El Nacional,26-014,1999,9,6,525,5.8,0,0,0,0,0,0,2,0,0.00,0.00,0.00,0.00,0.00,Matches
270,Christian Oña,ecECU,MF,Vinotinto,32-143,1993,4,0,76,0.8,0,0,0,0,0,0,0,0,0.00,0.00,0.00,0.00,0.00,Matches
271,John Ontaneda,ecECU,DF,SD Aucas,29-013,1996,14,14,"1,243",13.8,0,0,0,0,0,0,5,0,0.00,0.00,0.00,0.00,0.00,Matches
272,Jorge Ordoñez,ecECU,"FW,MF",Técnico Univ.,29-353,1995,13,8,726,8.1,1,2,3,1,0,0,2,0,0.12,0.25,0.37,0.12,0.37,Matches
273,Luis Ortíz,ecECU,"MF,DF",Manta Fútbol Club,25-135,2000,7,5,473,5.3,0,0,0,0,0,0,3,1,0.00,0.00,0.00,0.00,0.00,Matches
274,Pedro Ortíz,ecECU,GK,CS Emelec,35-116,1990,13,13,"1,170",13.0,0,0,0,0,0,0,2,0,0.00,0.00,0.00,0.00,0.00,Matches
275,Richart Ortiz,pyPAR,"MF,FW",Manta Fútbol Club,30-162,1995,12,3,454,5.0,1,2,3,1,0,0,1,0,0.20,0.40,0.59,0.20,0.59,Matches
Rk,Player,Nation,Pos,Squad,Age,Born,MP,Starts,Min,90s,Gls,Ast,G+A,G-PK,PK,PKatt,CrdY,CrdR,Gls,Ast,G+A,G-PK,G+A-PK,Matches
276,Diogo Osmar Bagüí,ecECU,DF,CS Emelec,20-087,2005,11,10,945,10.5,0,0,0,0,0,0,1,0,0.00,0.00,0.00,0.00,0.00,Matches
277,Néider Ospina,coCOL,MF,Orense,22-139,2003,4,1,162,1.8,1,0,1,1,0,0,0,0,0.56,0.00,0.56,0.56,0.56,Matches
278,Facundo Ospitaleche,uyURU,MF,Manta Fútbol Club,29-065,1996,15,15,"1,211",13.5,1,0,1,1,0,0,4,0,0.07,0.00,0.07,0.07,0.07,Matches
279,Braian Oyola,arARG,"MF,FW",Barcelona,29-000,1996,9,6,491,5.5,0,1,1,0,0,0,2,0,0.00,0.18,0.18,0.00,0.18,Matches
280,Thiago Ozaeta,ecECU,DF,Delfín,17-297,2007,2,1,89,1.0,0,0,0,0,0,0,0,0,0.00,0.00,0.00,0.00,0.00,Matches
281,Pedro Pablo Velasco,ecECU,DF,Orense,31-351,1993,15,14,"1,215",13.5,1,1,2,1,0,0,3,0,0.07,0.07,0.15,0.07,0.15,Matches
282,Wilman Pabón,ecECU,GK,Mushuc Runa,29-277,1995,3,3,270,3.0,0,0,0,0,0,0,0,0,0.00,0.00,0.00,0.00,0.00,Matches
283,Byron Palacios,ecECU,FW,Univ Católica,30-115,1995,15,12,831,9.2,7,1,8,7,0,0,1,0,0.76,0.11,0.87,0.76,0.87,Matches
284,Jerry Parrales,ecECU,DF,Mushuc Runa,28-127,1997,7,4,471,5.2,0,0,0,0,0,0,1,0,0.00,0.00,0.00,0.00,0.00,Matches
285,Miguel Parrales,ecECU,FW,Orense,29-171,1995,12,11,915,10.2,7,2,9,6,1,1,2,0,0.69,0.20,0.89,0.59,0.79,Matches
286,Lautaro Pastrán,arARG,"MF,FW",LDU de Quito,22-353,2002,13,10,680,7.6,0,0,0,0,0,0,2,0,0.00,0.00,0.00,0.00,0.00,Matches
287,Emerson Pata,ecECU,MF,Independiente,20-339,2004,8,6,525,5.8,2,2,4,2,0,0,1,0,0.34,0.34,0.69,0.34,0.69,Matches
288,Daniel Patiño,ecECU,DF,SD Aucas,31-196,1993,7,5,440,4.9,0,0,0,0,0,0,0,0,0.00,0.00,0.00,0.00,0.00,Matches
289,Elvis Patta,ecECU,DF,Técnico Univ.,34-210,1990,15,13,"1,200",13.3,0,1,1,0,0,0,1,0,0.00,0.07,0.07,0.00,0.07,Matches
290,Federico Paz,arARG,"MF,FW",Macará,30-217,1994,13,7,678,7.5,2,0,2,2,0,0,0,0,0.27,0.00,0.27,0.27,0.27,Matches
291,Darío Pazmiño,ecECU,"MF,FW",El Nacional,25-021,2000,11,8,752,8.4,2,5,7,2,0,0,3,0,0.24,0.60,0.84,0.24,0.84,Matches
292,Justin Peñarrieta,ecECU,DF,Manta Fútbol Club,24-293,2000,9,7,606,6.7,0,0,0,0,0,0,1,0,0.00,0.00,0.00,0.00,0.00,Matches
293,Cristian Penilla,ecECU,MF,Mushuc Runa,34-044,1991,14,12,999,11.1,3,1,4,3,0,0,1,0,0.27,0.09,0.36,0.27,0.36,Matches
294,Elian Pepinos,ecECU,MF,SD Aucas,23-255,2001,1,1,30,0.3,0,0,0,0,0,0,0,0,0.00,0.00,0.00,0.00,0.00,Matches
295,Kevin Peralta,ecECU,"DF,MF",Mushuc Runa,28-045,1997,11,9,612,6.8,0,0,0,0,0,0,3,0,0.00,0.00,0.00,0.00,0.00,Matches
296,Pedro Perlaza,ecECU,MF,Mushuc Runa,34-132,1991,1,1,45,0.5,0,0,0,0,0,0,0,0,0.00,0.00,0.00,0.00,0.00,Matches
297,Ricardo Phillips,paPAN,"MF,FW",Delfín,24-040,2001,8,7,585,6.5,1,1,2,1,0,0,1,0,0.15,0.15,0.31,0.15,0.31,Matches
298,Hamilton Piedra,ecECU,GK,SD Aucas,32-115,1993,12,12,"1,080",12.0,0,0,0,0,0,0,0,0,0.00,0.00,0.00,0.00,0.00,Matches
299,Ivan Piedra,ecECU,DF,Deportivo Cuenca,25-084,2000,12,6,623,6.9,0,1,1,0,0,0,2,0,0.00,0.14,0.14,0.00,0.14,Matches
300,Mario Pineida,ecECU,DF,Barcelona,32-344,1992,10,10,744,8.3,0,0,0,0,0,0,4,0,0.00,0.00,0.00,0.00,0.00,Matches
Rk,Player,Nation,Pos,Squad,Age,Born,MP,Starts,Min,90s,Gls,Ast,G+A,G-PK,PK,PKatt,CrdY,CrdR,Gls,Ast,G+A,G-PK,G+A-PK,Matches
301,Daniel Porozo,ecECU,FW,SD Aucas,27-268,1997,5,1,170,1.9,0,0,0,0,0,0,0,0,0.00,0.00,0.00,0.00,0.00,Matches
302,Snayder Porozo,ecECU,FW,SD Aucas,18-034,2007,7,2,230,2.6,0,0,0,0,0,0,1,0,0.00,0.00,0.00,0.00,0.00,Matches
303,Pedro Preciado,ecECU,FW,Barcelona,20-186,2004,1,0,6,0.1,0,0,0,0,0,0,0,0,0.00,0.00,0.00,0.00,0.00,Matches
304,José Quiñones,coCOL,DF,Mushuc Runa,23-002,2002,5,4,368,4.1,0,0,0,0,0,0,2,1,0.00,0.00,0.00,0.00,0.00,Matches
305,Marlon Quiñones,ecECU,DF,Orense,24-116,2001,11,11,958,10.6,0,0,0,0,0,0,3,0,0.00,0.00,0.00,0.00,0.00,Matches
306,Angel Quiñonez,ecECU,FW,Libertad,28-284,1996,12,9,662,7.4,1,0,1,1,0,0,1,0,0.14,0.00,0.14,0.14,0.14,Matches
307,Bryan Quiñonez,ecECU,DF,Orense,21-333,2003,6,1,165,1.8,0,0,0,0,0,0,0,0,0.00,0.00,0.00,0.00,0.00,Matches
308,Carlos Alfredo Orejuela Quiñónez,ecECU,MF,Mushuc Runa,32-093,1993,9,6,475,5.3,2,0,2,2,0,0,1,1,0.38,0.00,0.38,0.38,0.38,Matches
309,Ederson Quiñónez,ecECU,FW,SD Aucas,21-198,2003,2,0,37,0.4,0,0,0,0,0,0,2,0,0.00,0.00,0.00,0.00,0.00,Matches
310,Jhonny Quiñónez,ecECU,MF,Barcelona,27-004,1998,8,7,445,4.9,0,0,0,0,0,0,1,1,0.00,0.00,0.00,0.00,0.00,Matches
311,Joao Quiñonez,ecECU,DF,CS Emelec,26-031,1999,11,11,853,9.5,1,0,1,1,0,0,7,3,0.11,0.00,0.11,0.11,0.11,Matches
312,Leonel Quiñónez,ecECU,DF,LDU de Quito,31-347,1993,9,9,810,9.0,0,0,0,0,0,0,0,0,0.00,0.00,0.00,0.00,0.00,Matches
313,Orlín Quiñónez,ecECU,DF,Libertad,30-342,1994,14,12,"1,096",12.2,0,0,0,0,0,0,3,0,0.00,0.00,0.00,0.00,0.00,Matches
314,Oscar Quiñonez,ecECU,DF,Independiente,24-116,2001,5,4,394,4.4,0,0,0,0,0,0,0,0,0.00,0.00,0.00,0.00,0.00,Matches
315,Yerlin Quiñónez,ecECU,"MF,FW",Libertad,24-012,2001,10,3,369,4.1,0,0,0,0,0,0,2,0,0.00,0.00,0.00,0.00,0.00,Matches
316,Dagner Quintero,ecECU,DF,Manta Fútbol Club,25-060,2000,13,12,"1,127",12.5,0,0,0,0,0,0,5,0,0.00,0.00,0.00,0.00,0.00,Matches
317,Dennis Quintero,ecECU,DF,Mushuc Runa,28-001,1997,13,12,"1,010",11.2,1,0,1,1,0,0,3,0,0.09,0.00,0.09,0.09,0.09,Matches
318,José Quintero,ecECU,DF,LDU de Quito,34-360,1990,9,7,558,6.2,0,1,1,0,0,0,0,0,0.00,0.16,0.16,0.00,0.16,Matches
319,Eugenio Raggio,arARG,DF,Deportivo Cuenca,23-288,2001,13,13,"1,128",12.5,0,0,0,0,0,0,1,1,0.00,0.00,0.00,0.00,0.00,Matches
320,Brian Ramirez,,MF,Manta Fútbol Club,,,12,7,563,6.3,1,1,2,1,0,0,1,0,0.16,0.16,0.32,0.16,0.32,Matches
321,Bryan Ramírez,ecECU,"FW,MF",LDU de Quito,24-308,2000,13,13,"1,015",11.3,2,1,3,2,0,0,5,1,0.18,0.09,0.27,0.18,0.27,Matches
322,Moisés Ramírez,ecECU,GK,Independiente,24-279,2000,6,6,540,6.0,0,0,0,0,0,0,0,0,0.00,0.00,0.00,0.00,0.00,Matches
323,Alex Rangel,ecECU,DF,Barcelona,23-089,2002,5,5,410,4.6,0,0,0,0,0,0,0,0,0.00,0.00,0.00,0.00,0.00,Matches
324,Djorkaeff Reasco,ecECU,"FW,MF",El Nacional,26-148,1999,10,10,793,8.8,4,2,6,4,0,0,0,1,0.45,0.23,0.68,0.45,0.68,Matches
325,Édson Reséndez,mxMEX,GK,SD Aucas,29-154,1996,3,3,270,3.0,0,0,0,0,0,0,0,0,0.00,0.00,0.00,0.00,0.00,Matches
Rk,Player,Nation,Pos,Squad,Age,Born,MP,Starts,Min,90s,Gls,Ast,G+A,G-PK,PK,PKatt,CrdY,CrdR,Gls,Ast,G+A,G-PK,G+A-PK,Matches
326,Maikel Reyes,ecECU,MF,Delfín,22-153,2003,13,5,525,5.8,0,0,0,0,0,0,0,0,0.00,0.00,0.00,0.00,0.00,Matches
327,Jhojan Riascos,coCOL,FW,Manta Fútbol Club,26-280,1998,4,0,105,1.2,0,0,0,0,0,0,1,0,0.00,0.00,0.00,0.00,0.00,Matches
328,Matías Rigoleto,uyURU,"FW,MF",Mushuc Runa,30-013,1995,7,4,294,3.3,0,0,0,0,0,0,1,0,0.00,0.00,0.00,0.00,0.00,Matches
329,Bryan Rivera,ecECU,DF,El Nacional,28-109,1997,9,7,595,6.6,0,0,0,0,0,0,0,0,0.00,0.00,0.00,0.00,0.00,Matches
330,Octavio Rivero,uyURU,FW,Barcelona,33-142,1992,12,12,"1,008",11.2,6,0,6,6,0,0,2,0,0.54,0.00,0.54,0.54,0.54,Matches
331,Alex Rodríguez,ecECU,MF,Univ Católica,21-219,2003,12,3,367,4.1,1,0,1,1,0,0,1,0,0.25,0.00,0.25,0.25,0.25,Matches
332,Alexis Rodríguez,arARG,"FW,MF",Deportivo Cuenca,29-086,1996,9,6,434,4.8,1,0,1,1,0,0,2,0,0.21,0.00,0.21,0.21,0.21,Matches
333,Arón Rodríguez,ecECU,MF,Independiente,25-313,1999,8,4,384,4.3,3,0,3,3,0,0,1,0,0.70,0.00,0.70,0.70,0.70,Matches
334,Edwin Rodríguez,ecECU,MF,Vinotinto,23-158,2002,6,1,122,1.4,0,0,0,0,0,0,0,0,0.00,0.00,0.00,0.00,0.00,Matches
335,Jackson Rodríguez,ecECU,"DF,MF",CS Emelec,26-251,1998,14,14,"1,186",13.2,0,0,0,0,0,0,3,0,0.00,0.00,0.00,0.00,0.00,Matches
336,Juan Rodríguez,ecECU,MF,LDU de Quito,19-080,2006,1,0,20,0.2,0,0,0,0,0,0,0,0,0.00,0.00,0.00,0.00,0.00,Matches
337,Carlos Rolón,pyPAR,DF,SD Aucas,32-350,1992,10,5,525,5.8,0,0,0,0,0,0,1,1,0.00,0.00,0.00,0.00,0.00,Matches
338,Clavijo Romero,ecECU,"MF,DF",Univ Católica,25-018,2000,13,7,702,7.8,0,1,1,0,0,0,1,0,0.00,0.13,0.13,0.00,0.13,Matches
339,Daykol Romero,ecECU,"MF,DF",Univ Católica,24-039,2001,13,10,928,10.3,0,3,3,0,0,0,1,0,0.00,0.29,0.29,0.00,0.29,Matches
340,Nazareno Romero,arARG,DF,Orense,25-109,2000,2,1,79,0.9,0,0,0,0,0,0,1,0,0.00,0.00,0.00,0.00,0.00,Matches
341,Rafael Romo,veVEN,GK,Univ Católica,35-110,1990,6,6,540,6.0,0,0,0,0,0,0,0,0,0.00,0.00,0.00,0.00,0.00,Matches
342,Juan Ruiz Gómez,arARG,"MF,FW",CS Emelec,31-156,1994,12,9,756,8.4,0,0,0,0,0,0,0,0,0.00,0.00,0.00,0.00,0.00,Matches
343,Isaac Sánchez,ecECU,FW,Univ Católica,19-007,2006,6,0,39,0.4,0,0,0,0,0,0,0,0,0.00,0.00,0.00,0.00,0.00,Matches
344,Thiago Santamaría,arARG,DF,Independiente,22-072,2003,4,3,292,3.2,0,0,0,0,0,0,2,0,0.00,0.00,0.00,0.00,0.00,Matches
345,Richard Schunke,arARG,DF,Independiente,33-201,1991,9,9,810,9.0,0,0,0,0,0,0,1,0,0.00,0.00,0.00,0.00,0.00,Matches
346,Stalin Segura,ecECU,DF,SD Aucas,26-071,1999,15,15,"1,286",14.3,1,0,1,1,0,0,3,0,0.07,0.00,0.07,0.07,0.07,Matches
347,Thiago Serpa,brBRA,MF,SD Aucas,25-326,1999,6,1,113,1.3,0,0,0,0,0,0,0,0,0.00,0.00,0.00,0.00,0.00,Matches
348,Rolando Silva,ecECU,GK,Orense,30-000,1995,15,15,"1,350",15.0,0,1,1,0,0,0,0,0,0.00,0.07,0.07,0.00,0.07,Matches
349,Renny Simisterra,ecECU,"FW,MF",Mushuc Runa,27-187,1997,14,7,679,7.5,0,1,1,0,0,0,1,0,0.00,0.13,0.13,0.00,0.13,Matches
350,Cristhian Solano,ecECU,MF,Barcelona,26-127,1999,8,2,245,2.7,1,0,1,1,0,0,0,0,0.37,0.00,0.37,0.37,0.37,Matches
Rk,Player,Nation,Pos,Squad,Age,Born,MP,Starts,Min,90s,Gls,Ast,G+A,G-PK,PK,PKatt,CrdY,CrdR,Gls,Ast,G+A,G-PK,G+A-PK,Matches
351,Maicon Solís,ecECU,"MF,FW",CS Emelec,31-035,1994,13,8,790,8.8,0,1,1,0,0,0,2,0,0.00,0.11,0.11,0.00,0.11,Matches
352,Mathías Solís,ecECU,FW,Deportivo Cuenca,20-214,2004,9,0,130,1.4,0,0,0,0,0,0,1,0,0.00,0.00,0.00,0.00,0.00,Matches
353,Junior Sornoza,ecECU,MF,Independiente,31-138,1994,8,4,359,4.0,1,2,3,1,0,0,1,0,0.25,0.50,0.75,0.25,0.75,Matches
354,Claudio Spinelli,arARG,FW,Independiente,27-359,1997,15,7,709,7.9,5,0,5,4,1,1,1,0,0.63,0.00,0.63,0.51,0.51,Matches
355,Stiven Tapiero,coCOL,MF,Mushuc Runa,33-322,1991,11,9,853,9.5,2,0,2,2,0,0,4,0,0.21,0.00,0.21,0.21,0.21,Matches
356,Ernesto Tarira,ecECU,DF,CS Emelec,21-032,2004,6,5,328,3.6,0,0,0,0,0,0,0,0,0.00,0.00,0.00,0.00,0.00,Matches
357,Martín Tello,ecECU,"MF,FW",Macará,20-272,2004,13,7,505,5.6,1,0,1,1,0,0,0,0,0.18,0.00,0.18,0.18,0.18,Matches
358,Leao Tenorio,ecECU,FW,Delfín,16-296,2008,4,0,28,0.3,0,0,0,0,0,0,1,0,0.00,0.00,0.00,0.00,0.00,Matches
359,Cristian Tobar,ecECU,"MF,FW",Deportivo Cuenca,24-345,2000,15,12,"1,053",11.7,4,2,6,3,1,1,1,0,0.34,0.17,0.51,0.26,0.43,Matches
360,Vicente Torres,ecECU,MF,Técnico Univ.,23-163,2002,9,8,701,7.8,1,0,1,1,0,0,3,0,0.13,0.00,0.13,0.13,0.13,Matches
361,Jesús Trindade,uyURU,MF,Barcelona,31-340,1993,7,4,418,4.6,1,0,1,1,0,0,0,0,0.22,0.00,0.22,0.22,0.22,Matches
362,Rooney Troya,ecECU,MF,Univ Católica,19-115,2006,8,2,225,2.5,0,0,0,0,0,0,0,0,0.00,0.00,0.00,0.00,0.00,Matches
363,Kevin Ushiña,ecECU,"MF,FW",Vinotinto,28-293,1996,15,14,"1,220",13.6,1,3,4,1,0,0,2,0,0.07,0.22,0.30,0.07,0.30,Matches
364,Jeremy Valderde,ecECU,MF,CS Emelec,21-159,2004,4,2,115,1.3,0,0,0,0,0,0,1,0,0.00,0.00,0.00,0.00,0.00,Matches
365,Cristhian Valencia,ecECU,"MF,DF",CS Emelec,25-313,1999,10,3,440,4.9,1,0,1,1,0,0,0,0,0.20,0.00,0.20,0.20,0.20,Matches
366,Eric Valencia,ecECU,"MF,DF",Univ Católica,22-010,2003,2,2,139,1.5,0,0,0,0,0,0,1,0,0.00,0.00,0.00,0.00,0.00,Matches
367,Jorge Valencia,ecECU,FW,Manta Fútbol Club,29-094,1996,15,15,"1,289",14.3,10,1,11,10,0,1,1,0,0.70,0.07,0.77,0.70,0.77,Matches
368,Maikel Valencia,ecECU,"MF,FW",Manta Fútbol Club,24-331,2000,11,5,471,5.2,0,1,1,0,0,0,1,0,0.00,0.19,0.19,0.00,0.19,Matches
369,Mario Valero,ecECU,GK,Manta Fútbol Club,29-237,1995,2,2,180,2.0,0,0,0,0,0,0,1,0,0.00,0.00,0.00,0.00,0.00,Matches
370,Joaquín Valiente,uyURU,MF,Barcelona,24-063,2001,12,7,683,7.6,1,0,1,1,0,0,1,0,0.13,0.00,0.13,0.13,0.13,Matches
371,Gonzalo Valle,ecECU,GK,LDU de Quito,29-107,1996,1,1,90,1.0,0,0,0,0,0,0,0,0,0.00,0.00,0.00,0.00,0.00,Matches
372,Gustavo Vallecilla,ecECU,DF,Barcelona,26-018,1999,10,9,855,9.5,0,0,0,0,0,0,4,0,0.00,0.00,0.00,0.00,0.00,Matches
373,Jefferson Valverde,ecECU,MF,Orense,26-042,1999,12,12,"1,007",11.2,0,0,0,0,0,0,1,1,0.00,0.00,0.00,0.00,0.00,Matches
374,Jean Carlos Humanante Vargas,ecECU,"DF,MF",Libertad,29-033,1996,9,0,98,1.1,0,0,0,0,0,0,1,0,0.00,0.00,0.00,0.00,0.00,Matches
375,William Vargas,ecECU,DF,Barcelona,28-003,1997,7,5,496,5.5,0,0,0,0,0,0,0,0,0.00,0.00,0.00,0.00,0.00,Matches
Rk,Player,Nation,Pos,Squad,Age,Born,MP,Starts,Min,90s,Gls,Ast,G+A,G-PK,PK,PKatt,CrdY,CrdR,Gls,Ast,G+A,G-PK,G+A-PK,Matches
376,Ángel Vásquez,ecECU,MF,Técnico Univ.,27-095,1998,1,0,2,0.0,0,0,0,0,0,0,0,0,0.00,0.00,0.00,0.00,0.00,Matches
377,Sergio Vasquez,ecECU,MF,Orense,21-162,2004,13,8,670,7.4,0,1,1,0,0,0,3,1,0.00,0.13,0.13,0.00,0.13,Matches
378,Edison Vega,ecECU,MF,Delfín,35-099,1990,13,12,"1,064",11.8,0,2,2,0,0,0,1,0,0.00,0.17,0.17,0.00,0.17,Matches
379,Andy Velasco,ecECU,MF,Independiente,28-229,1996,1,0,21,0.2,0,0,0,0,0,0,0,0,0.00,0.00,0.00,0.00,0.00,Matches
380,Nicolas Velasco,ecECU,,SD Aucas,16-000,2009,1,0,4,0.0,0,0,0,0,0,0,0,0,0.00,0.00,0.00,0.00,0.00,Matches
381,Charles Vélez,ecECU,MF,El Nacional,32-171,1992,12,11,959,10.7,0,0,0,0,0,0,3,0,0.00,0.00,0.00,0.00,0.00,Matches
382,Agustín Venezia,arARG,"MF,FW",Deportivo Cuenca,21-345,2003,10,4,402,4.5,1,1,2,1,0,0,1,1,0.22,0.22,0.45,0.22,0.45,Matches
383,Dixon Vera,ecECU,MF,Técnico Univ.,22-070,2003,15,14,"1,147",12.7,2,4,6,2,0,0,3,0,0.16,0.31,0.47,0.16,0.47,Matches
384,Joaquín Vergés,uyURU,"FW,MF",Libertad,33-014,1992,7,4,222,2.5,0,0,0,0,0,0,1,0,0.00,0.00,0.00,0.00,0.00,Matches
385,Stefano Viera,ecECU,"MF,FW",Macará,20-223,2004,13,5,542,6.0,0,0,0,0,0,0,1,0,0.00,0.00,0.00,0.00,0.00,Matches
386,Gabriel Villamíl,boBOL,MF,LDU de Quito,23-352,2001,12,8,599,6.7,3,1,4,3,0,0,1,0,0.45,0.15,0.60,0.45,0.60,Matches
387,Guido Villar,arARG,GK,Independiente,27-120,1998,9,9,810,9.0,0,0,0,0,0,0,1,0,0.00,0.00,0.00,0.00,0.00,Matches
388,Bryan Viñán,ecECU,DF,Orense,24-360,2000,10,7,672,7.5,0,2,2,0,0,0,1,0,0.00,0.27,0.27,0.00,0.27,Matches
389,Janus Vivar,ecECU,MF,Delfín,26-281,1998,5,0,112,1.2,0,1,1,0,0,0,1,0,0.00,0.80,0.80,0.00,0.80,Matches
390,Renni Xaramilo,ecECU,MF,SD Aucas,27-003,1998,15,14,"1,301",14.5,0,0,0,0,0,0,5,0,0.00,0.00,0.00,0.00,0.00,Matches
391,Cristian Zabala,arARG,MF,Independiente,27-103,1998,11,10,733,8.1,0,0,0,0,0,0,3,0,0.00,0.00,0.00,0.00,0.00,Matches
392,Arnaldo Zambrano,ecECU,MF,Mushuc Runa,23-175,2001,6,4,264,2.9,0,0,0,0,0,0,0,0,0.00,0.00,0.00,0.00,0.00,Matches
393,Cristhoper Zambrano,ecECU,MF,SD Aucas,20-345,2004,10,2,278,3.1,0,3,3,0,0,0,0,0,0.00,0.97,0.97,0.00,0.97,Matches
394,Erick Zambrano,ecECU,FW,Orense,17-213,2007,1,0,2,0.0,0,0,0,0,0,0,0,0,0.00,0.00,0.00,0.00,0.00,Matches
395,Felix Zambrano,ecECU,GK,Manta Fútbol Club,28-114,1997,13,13,"1,170",13.0,0,0,0,0,0,0,1,0,0.00,0.00,0.00,0.00,0.00,Matches
396,Iván Zambrano,ecECU,MF,Libertad,28-066,1997,15,15,"1,350",15.0,0,1,1,0,0,0,2,0,0.00,0.07,0.07,0.00,0.07,Matches
397,José Zambrano,ecECU,MF,Manta Fútbol Club,22-063,2003,9,4,373,4.1,0,0,0,0,0,0,2,0,0.00,0.00,0.00,0.00,0.00,Matches
398,Rody Zambrano,ecECU,"MF,DF",Macará,32-114,1993,5,3,265,2.9,0,0,0,0,0,0,0,0,0.00,0.00,0.00,0.00,0.00,Matches
399,Santiago Zamora,ecECU,MF,Macará,23-278,2001,4,0,26,0.3,0,0,0,0,0,0,0,0,0.00,0.00,0.00,0.00,0.00,Matches
400,Franco Zicarelli,arARG,"MF,DF",Delfín,23-080,2002,10,5,456,5.1,1,0,1,1,0,0,2,0,0.20,0.00,0.20,0.20,0.20,Matches
Rk,Player,Nation,Pos,Squad,Age,Born,MP,Starts,Min,90s,Gls,Ast,G+A,G-PK,PK,PKatt,CrdY,CrdR,Gls,Ast,G+A,G-PK,G+A-PK,Matches
401,Ervin Zorrilla,paPAN,MF,Manta Fútbol Club,29-032,1996,13,9,646,7.2,1,0,1,1,0,0,1,0,0.14,0.00,0.14,0.14,0.14,Matches
402,Erick Zúñiga,ecECU,MF,Delfín,22-014,2003,7,1,177,2.0,0,1,1,0,0,0,0,0,0.00,0.51,0.51,0.00,0.51,Matches
